"","Location","JulianDate","Time24hr","Temperature","Light"
"1","Fletcher",242,"15:00:00",22.908,1130.2
"2","Fletcher",242,"16:00:00",21.378,721.2
"3","Fletcher",242,"17:00:00",20.329,1076.4
"4","Fletcher",242,"18:00:00",19.567,667.4
"5","Fletcher",242,"19:00:00",19.377,64.6
"6","Fletcher",242,"20:00:00",19.187,0
"7","Fletcher",242,"21:00:00",19.282,0
"8","Fletcher",242,"22:00:00",19.377,0
"9","Fletcher",242,"23:00:00",19.092,0
"10","Fletcher",243,"00:00:00",18.616,0
"11","Fletcher",243,"01:00:00",18.616,0
"12","Fletcher",243,"02:00:00",18.045,0
"13","Fletcher",243,"03:00:00",17.57,0
"14","Fletcher",243,"04:00:00",16.618,0
"15","Fletcher",243,"05:00:00",16.427,0
"16","Fletcher",243,"06:00:00",15.378,0
"17","Fletcher",243,"07:00:00",15.091,387.5
"18","Fletcher",243,"08:00:00",15.664,1894.5
"19","Fletcher",243,"09:00:00",15.187,699.7
"20","Fletcher",243,"10:00:00",20.615,5166.7
"21","Fletcher",243,"11:00:00",25.416,52355.9
"22","Fletcher",243,"12:00:00",25.416,2927.8
"23","Fletcher",243,"13:00:00",22.908,2583.4
"24","Fletcher",243,"14:00:00",24.448,5511.1
"25","Fletcher",243,"15:00:00",16.523,3444.5
"26","Fletcher",243,"16:00:00",19.853,1033.3
"27","Fletcher",243,"17:00:00",19.853,2927.8
"28","Fletcher",243,"18:00:00",16.046,96.9
"29","Fletcher",243,"19:00:00",15.187,64.6
"30","Fletcher",243,"20:00:00",15.473,0
"31","Fletcher",243,"21:00:00",15.282,0
"32","Fletcher",243,"22:00:00",12.69,0
"33","Fletcher",243,"23:00:00",14.23,0
"34","Fletcher",244,"00:00:00",14.804,0
"35","Fletcher",244,"01:00:00",13.461,0
"36","Fletcher",244,"02:00:00",12.98,0
"37","Fletcher",244,"03:00:00",12.69,0
"38","Fletcher",244,"04:00:00",11.334,0
"39","Fletcher",244,"05:00:00",11.334,0
"40","Fletcher",244,"06:00:00",10.455,0
"41","Fletcher",244,"07:00:00",9.373,118.4
"42","Fletcher",244,"08:00:00",9.669,215.3
"43","Fletcher",244,"09:00:00",10.357,871.9
"44","Fletcher",244,"10:00:00",16.523,10677.8
"45","Fletcher",244,"11:00:00",21.378,57867
"46","Fletcher",244,"12:00:00",24.062,60622.6
"47","Fletcher",244,"13:00:00",18.14,5166.7
"48","Fletcher",244,"14:00:00",17.284,4650
"49","Fletcher",244,"15:00:00",21.091,6544.5
"50","Fletcher",244,"16:00:00",18.426,4994.5
"51","Fletcher",244,"17:00:00",18.996,3444.5
"52","Fletcher",244,"18:00:00",16.808,1259.4
"53","Fletcher",244,"19:00:00",14.804,387.5
"54","Fletcher",244,"20:00:00",10.944,0
"55","Fletcher",244,"21:00:00",9.669,0
"56","Fletcher",244,"22:00:00",9.176,0
"57","Fletcher",244,"23:00:00",9.571,0
"58","Fletcher",245,"00:00:00",8.779,0
"59","Fletcher",245,"01:00:00",8.282,0
"60","Fletcher",245,"02:00:00",8.182,0
"61","Fletcher",245,"03:00:00",7.481,0
"62","Fletcher",245,"04:00:00",7.381,0
"63","Fletcher",245,"05:00:00",9.373,0
"64","Fletcher",245,"06:00:00",9.373,0
"65","Fletcher",245,"07:00:00",9.275,183
"66","Fletcher",245,"08:00:00",12.497,1270.1
"67","Fletcher",245,"09:00:00",13.269,1054.9
"68","Fletcher",245,"10:00:00",18.996,4133.4
"69","Fletcher",245,"11:00:00",22.812,15844.5
"70","Fletcher",245,"12:00:00",28.456,7233.4
"71","Fletcher",245,"13:00:00",27.961,8611.2
"72","Fletcher",245,"14:00:00",28.555,39955.8
"73","Fletcher",245,"15:00:00",27.567,8266.7
"74","Fletcher",245,"16:00:00",26.292,5166.7
"75","Fletcher",245,"17:00:00",24.158,2755.6
"76","Fletcher",245,"18:00:00",22.142,1227.1
"77","Fletcher",245,"19:00:00",19.758,118.4
"78","Fletcher",245,"20:00:00",17.094,0
"79","Fletcher",245,"21:00:00",16.332,0
"80","Fletcher",245,"22:00:00",15.951,0
"81","Fletcher",245,"23:00:00",15.091,0
"82","Fletcher",246,"00:00:00",14.9,0
"83","Fletcher",246,"01:00:00",13.654,0
"84","Fletcher",246,"02:00:00",13.365,0
"85","Fletcher",246,"03:00:00",12.787,0
"86","Fletcher",246,"04:00:00",12.013,0
"87","Fletcher",246,"05:00:00",11.431,0
"88","Fletcher",246,"06:00:00",11.625,0
"89","Fletcher",246,"07:00:00",13.269,699.7
"90","Fletcher",246,"08:00:00",15.855,1550
"91","Fletcher",246,"09:00:00",17.76,3272.2
"92","Fletcher",246,"10:00:00",23.196,7233.4
"93","Fletcher",246,"11:00:00",26.585,10333.4
"94","Fletcher",246,"12:00:00",32.807,71644.9
"95","Fletcher",246,"13:00:00",30.659,55111.5
"96","Fletcher",246,"14:00:00",29.252,9644.5
"97","Fletcher",246,"15:00:00",29.652,7577.8
"98","Fletcher",246,"16:00:00",27.764,2325
"99","Fletcher",246,"17:00:00",27.567,3616.7
"100","Fletcher",246,"18:00:00",25.222,1550
"101","Fletcher",246,"19:00:00",23.196,484.4
"102","Fletcher",246,"20:00:00",21.664,0
"103","Fletcher",246,"21:00:00",19.948,0
"104","Fletcher",246,"22:00:00",20.138,0
"105","Fletcher",246,"23:00:00",18.616,0
"106","Fletcher",247,"00:00:00",17.95,0
"107","Fletcher",247,"01:00:00",16.903,0
"108","Fletcher",247,"02:00:00",15.569,0
"109","Fletcher",247,"03:00:00",14.517,0
"110","Fletcher",247,"04:00:00",13.75,0
"111","Fletcher",247,"05:00:00",13.076,0
"112","Fletcher",247,"06:00:00",12.98,0
"113","Fletcher",247,"07:00:00",13.076,204.5
"114","Fletcher",247,"08:00:00",13.654,947.2
"115","Fletcher",247,"09:00:00",13.269,1044.1
"116","Fletcher",247,"10:00:00",14.23,2497.2
"117","Fletcher",247,"11:00:00",14.804,2755.6
"118","Fletcher",247,"12:00:00",16.903,7233.4
"119","Fletcher",247,"13:00:00",18.331,5338.9
"120","Fletcher",247,"14:00:00",18.616,5166.7
"121","Fletcher",247,"15:00:00",19.187,4133.4
"122","Fletcher",247,"16:00:00",18.426,5338.9
"123","Fletcher",247,"17:00:00",19.567,2755.6
"124","Fletcher",247,"18:00:00",18.14,1980.6
"125","Fletcher",247,"19:00:00",15.951,355.2
"126","Fletcher",247,"20:00:00",13.173,0
"127","Fletcher",247,"21:00:00",11.819,0
"128","Fletcher",247,"22:00:00",10.944,0
"129","Fletcher",247,"23:00:00",10.748,0
"130","Fletcher",248,"00:00:00",9.965,0
"131","Fletcher",248,"01:00:00",10.161,0
"132","Fletcher",248,"02:00:00",10.357,0
"133","Fletcher",248,"03:00:00",10.063,0
"134","Fletcher",248,"04:00:00",9.768,0
"135","Fletcher",248,"05:00:00",9.571,0
"136","Fletcher",248,"06:00:00",10.357,0
"137","Fletcher",248,"07:00:00",11.139,376.7
"138","Fletcher",248,"08:00:00",12.207,1184
"139","Fletcher",248,"09:00:00",13.846,2497.2
"140","Fletcher",248,"10:00:00",19.853,11022.3
"141","Fletcher",248,"11:00:00",24.158,16533.4
"142","Fletcher",248,"12:00:00",28.06,49600.3
"143","Fletcher",248,"13:00:00",23.1,8266.7
"144","Fletcher",248,"14:00:00",21.664,15155.7
"145","Fletcher",248,"15:00:00",24.062,8611.2
"146","Fletcher",248,"16:00:00",23.004,5166.7
"147","Fletcher",248,"17:00:00",21.569,4477.8
"148","Fletcher",248,"18:00:00",19.472,785.8
"149","Fletcher",248,"19:00:00",17.284,409
"150","Fletcher",248,"20:00:00",14.134,0
"151","Fletcher",248,"21:00:00",12.883,0
"152","Fletcher",248,"22:00:00",12.11,0
"153","Fletcher",248,"23:00:00",11.625,0
"154","Fletcher",249,"00:00:00",10.846,0
"155","Fletcher",249,"01:00:00",10.553,0
"156","Fletcher",249,"02:00:00",10.161,0
"157","Fletcher",249,"03:00:00",11.528,0
"158","Fletcher",249,"04:00:00",11.041,0
"159","Fletcher",249,"05:00:00",10.846,0
"160","Fletcher",249,"06:00:00",10.455,0
"161","Fletcher",249,"07:00:00",9.965,118.4
"162","Fletcher",249,"08:00:00",11.916,236.8
"163","Fletcher",249,"09:00:00",15.76,3444.5
"164","Fletcher",249,"10:00:00",18.14,6200
"165","Fletcher",249,"11:00:00",26.683,68889.3
"166","Fletcher",249,"12:00:00",23.966,77156.1
"167","Fletcher",249,"13:00:00",23.869,5166.7
"168","Fletcher",249,"14:00:00",23.004,4650
"169","Fletcher",249,"15:00:00",23.388,5511.1
"170","Fletcher",249,"16:00:00",23.677,4822.3
"171","Fletcher",249,"17:00:00",21.664,2238.9
"172","Fletcher",249,"18:00:00",19.948,839.6
"173","Fletcher",249,"19:00:00",18.711,204.5
"174","Fletcher",249,"20:00:00",17.76,0
"175","Fletcher",249,"21:00:00",16.046,0
"176","Fletcher",249,"22:00:00",14.038,0
"177","Fletcher",249,"23:00:00",14.709,0
"178","Fletcher",250,"00:00:00",13.269,0
"179","Fletcher",250,"01:00:00",13.846,0
"180","Fletcher",250,"02:00:00",15.855,0
"181","Fletcher",250,"03:00:00",16.046,0
"182","Fletcher",250,"04:00:00",15.951,0
"183","Fletcher",250,"05:00:00",16.046,0
"184","Fletcher",250,"06:00:00",16.141,0
"185","Fletcher",250,"07:00:00",16.332,150.7
"186","Fletcher",250,"08:00:00",17.475,1248.6
"187","Fletcher",250,"09:00:00",18.806,2411.1
"188","Fletcher",250,"10:00:00",19.853,3444.5
"189","Fletcher",250,"11:00:00",26.292,49600.3
"190","Fletcher",250,"12:00:00",24.545,42711.4
"191","Fletcher",250,"13:00:00",23.773,4994.5
"192","Fletcher",250,"14:00:00",27.665,44089.2
"193","Fletcher",250,"15:00:00",25.61,6200
"194","Fletcher",250,"16:00:00",23.292,3272.2
"195","Fletcher",250,"17:00:00",22.238,1550
"196","Fletcher",250,"18:00:00",21.473,1151.7
"197","Fletcher",250,"19:00:00",19.282,247.6
"198","Fletcher",250,"20:00:00",16.808,0
"199","Fletcher",250,"21:00:00",15.378,0
"200","Fletcher",250,"22:00:00",13.942,0
"201","Fletcher",250,"23:00:00",13.269,0
"202","Fletcher",251,"00:00:00",12.787,0
"203","Fletcher",251,"01:00:00",12.207,0
"204","Fletcher",251,"02:00:00",11.819,0
"205","Fletcher",251,"03:00:00",11.334,0
"206","Fletcher",251,"04:00:00",11.139,0
"207","Fletcher",251,"05:00:00",11.139,0
"208","Fletcher",251,"06:00:00",10.846,0
"209","Fletcher",251,"07:00:00",10.651,193.8
"210","Fletcher",251,"08:00:00",16.237,1205.6
"211","Fletcher",251,"09:00:00",17.665,2927.8
"212","Fletcher",251,"10:00:00",23.677,11022.3
"213","Fletcher",251,"11:00:00",29.152,63378.2
"214","Fletcher",251,"12:00:00",33.118,66133.8
"215","Fletcher",251,"13:00:00",28.159,8266.7
"216","Fletcher",251,"14:00:00",29.652,49600.3
"217","Fletcher",251,"15:00:00",27.567,8611.2
"218","Fletcher",251,"16:00:00",25.805,5166.7
"219","Fletcher",251,"17:00:00",23.869,2583.4
"220","Fletcher",251,"18:00:00",21.855,1151.7
"221","Fletcher",251,"19:00:00",19.092,226
"222","Fletcher",251,"20:00:00",15.091,0
"223","Fletcher",251,"21:00:00",14.134,0
"224","Fletcher",251,"22:00:00",13.365,0
"225","Fletcher",251,"23:00:00",12.594,0
"226","Fletcher",252,"00:00:00",12.013,0
"227","Fletcher",252,"01:00:00",11.916,0
"228","Fletcher",252,"02:00:00",11.819,0
"229","Fletcher",252,"03:00:00",11.431,0
"230","Fletcher",252,"04:00:00",11.139,0
"231","Fletcher",252,"05:00:00",10.944,0
"232","Fletcher",252,"06:00:00",10.553,0
"233","Fletcher",252,"07:00:00",10.846,376.7
"234","Fletcher",252,"08:00:00",14.134,1011.8
"235","Fletcher",252,"09:00:00",16.999,1550
"236","Fletcher",252,"10:00:00",23.196,9644.5
"237","Fletcher",252,"11:00:00",27.862,44089.2
"238","Fletcher",252,"12:00:00",31.676,39955.8
"239","Fletcher",252,"13:00:00",28.953,9300.1
"240","Fletcher",252,"14:00:00",28.655,33066.9
"241","Fletcher",252,"15:00:00",28.06,7577.8
"242","Fletcher",252,"16:00:00",26.39,5338.9
"243","Fletcher",252,"17:00:00",24.448,2755.6
"244","Fletcher",252,"18:00:00",22.333,1173.3
"245","Fletcher",252,"19:00:00",20.043,247.6
"246","Fletcher",252,"20:00:00",16.713,0
"247","Fletcher",252,"21:00:00",15.569,0
"248","Fletcher",252,"22:00:00",15.378,0
"249","Fletcher",252,"23:00:00",15.187,0
"250","Fletcher",253,"00:00:00",13.846,0
"251","Fletcher",253,"01:00:00",13.076,0
"252","Fletcher",253,"02:00:00",13.173,0
"253","Fletcher",253,"03:00:00",12.883,0
"254","Fletcher",253,"04:00:00",12.497,0
"255","Fletcher",253,"05:00:00",12.207,0
"256","Fletcher",253,"06:00:00",11.819,0
"257","Fletcher",253,"07:00:00",11.916,193.8
"258","Fletcher",253,"08:00:00",14.421,538.2
"259","Fletcher",253,"09:00:00",16.808,753.5
"260","Fletcher",253,"10:00:00",24.351,9644.5
"261","Fletcher",253,"11:00:00",30.457,44089.2
"262","Fletcher",253,"12:00:00",32.704,9300.1
"263","Fletcher",253,"13:00:00",30.659,8611.2
"264","Fletcher",253,"14:00:00",30.558,24800.2
"265","Fletcher",253,"15:00:00",29.252,8611.2
"266","Fletcher",253,"16:00:00",27.37,6200
"267","Fletcher",253,"17:00:00",25.708,2497.2
"268","Fletcher",253,"18:00:00",23.581,1722.2
"269","Fletcher",253,"19:00:00",21.569,462.9
"270","Fletcher",253,"20:00:00",18.616,0
"271","Fletcher",253,"21:00:00",16.903,0
"272","Fletcher",253,"22:00:00",15.378,0
"273","Fletcher",253,"23:00:00",13.558,0
"274","Fletcher",254,"00:00:00",12.787,0
"275","Fletcher",254,"01:00:00",12.497,0
"276","Fletcher",254,"02:00:00",12.304,0
"277","Fletcher",254,"03:00:00",12.11,0
"278","Fletcher",254,"04:00:00",11.819,0
"279","Fletcher",254,"05:00:00",11.916,0
"280","Fletcher",254,"06:00:00",12.304,0
"281","Fletcher",254,"07:00:00",13.942,236.8
"282","Fletcher",254,"08:00:00",16.237,1141
"283","Fletcher",254,"09:00:00",17.855,1259.4
"284","Fletcher",254,"10:00:00",24.738,10677.8
"285","Fletcher",254,"11:00:00",28.357,18600.1
"286","Fletcher",254,"12:00:00",29.652,22044.6
"287","Fletcher",254,"13:00:00",28.555,9644.5
"288","Fletcher",254,"14:00:00",27.173,6200
"289","Fletcher",254,"15:00:00",24.545,3444.5
"290","Fletcher",254,"16:00:00",23.677,2411.1
"291","Fletcher",254,"17:00:00",22.812,1808.3
"292","Fletcher",254,"18:00:00",21.855,936.5
"293","Fletcher",254,"19:00:00",20.519,333.7
"294","Fletcher",254,"20:00:00",19.187,0
"295","Fletcher",254,"21:00:00",18.331,0
"296","Fletcher",254,"22:00:00",16.999,0
"297","Fletcher",254,"23:00:00",16.237,0
"298","Fletcher",255,"00:00:00",14.9,0
"299","Fletcher",255,"01:00:00",16.046,0
"300","Fletcher",255,"02:00:00",14.23,0
"301","Fletcher",255,"03:00:00",15.855,0
"302","Fletcher",255,"04:00:00",14.325,0
"303","Fletcher",255,"05:00:00",12.883,0
"304","Fletcher",255,"06:00:00",12.497,0
"305","Fletcher",255,"07:00:00",12.497,139.9
"306","Fletcher",255,"08:00:00",14.613,322.9
"307","Fletcher",255,"09:00:00",16.999,581.3
"308","Fletcher",255,"10:00:00",25.222,11711.2
"309","Fletcher",255,"11:00:00",23.484,16533.4
"310","Fletcher",255,"12:00:00",25.319,6544.5
"311","Fletcher",255,"13:00:00",23.773,4133.4
"312","Fletcher",255,"14:00:00",26.977,14466.8
"313","Fletcher",255,"15:00:00",25.61,4994.5
"314","Fletcher",255,"16:00:00",23.677,2755.6
"315","Fletcher",255,"17:00:00",22.621,1463.9
"316","Fletcher",255,"18:00:00",22.046,1097.9
"317","Fletcher",255,"19:00:00",20.805,258.3
"318","Fletcher",255,"20:00:00",19.948,0
"319","Fletcher",255,"21:00:00",19.662,0
"320","Fletcher",255,"22:00:00",19.567,0
"321","Fletcher",255,"23:00:00",19.377,0
"322","Fletcher",256,"00:00:00",19.282,0
"323","Fletcher",256,"01:00:00",18.996,0
"324","Fletcher",256,"02:00:00",18.711,0
"325","Fletcher",256,"03:00:00",16.808,0
"326","Fletcher",256,"04:00:00",16.046,0
"327","Fletcher",256,"05:00:00",16.903,0
"328","Fletcher",256,"06:00:00",15.473,0
"329","Fletcher",256,"07:00:00",14.709,269.1
"330","Fletcher",256,"08:00:00",16.618,1001
"331","Fletcher",256,"09:00:00",19.853,2755.6
"332","Fletcher",256,"10:00:00",25.222,7577.8
"333","Fletcher",256,"11:00:00",23.196,5511.1
"334","Fletcher",256,"12:00:00",22.525,1808.3
"335","Fletcher",256,"13:00:00",19.948,678.1
"336","Fletcher",256,"14:00:00",18.806,1550
"337","Fletcher",256,"15:00:00",19.662,3100
"338","Fletcher",256,"16:00:00",20.043,1636.1
"339","Fletcher",256,"17:00:00",18.901,1367
"340","Fletcher",256,"18:00:00",18.331,236.8
"341","Fletcher",256,"19:00:00",17.57,0
"342","Fletcher",256,"20:00:00",17.284,0
"343","Fletcher",256,"21:00:00",16.999,0
"344","Fletcher",256,"22:00:00",16.523,0
"345","Fletcher",256,"23:00:00",16.713,0
"346","Fletcher",257,"00:00:00",16.618,0
"347","Fletcher",257,"01:00:00",16.523,0
"348","Fletcher",257,"02:00:00",16.713,0
"349","Fletcher",257,"03:00:00",16.999,0
"350","Fletcher",257,"04:00:00",17.094,0
"351","Fletcher",257,"05:00:00",17.189,0
"352","Fletcher",257,"06:00:00",17.284,0
"353","Fletcher",257,"07:00:00",16.427,150.7
"354","Fletcher",257,"08:00:00",16.713,667.4
"355","Fletcher",257,"09:00:00",17.665,1463.9
"356","Fletcher",257,"10:00:00",20.71,3444.5
"357","Fletcher",257,"11:00:00",20.71,7233.4
"358","Fletcher",257,"12:00:00",20.805,4650
"359","Fletcher",257,"13:00:00",21.187,3444.5
"360","Fletcher",257,"14:00:00",20.043,5338.9
"361","Fletcher",257,"15:00:00",18.616,5166.7
"362","Fletcher",257,"16:00:00",19.282,5511.1
"363","Fletcher",257,"17:00:00",16.808,2325
"364","Fletcher",257,"18:00:00",15.282,688.9
"365","Fletcher",257,"19:00:00",13.942,118.4
"366","Fletcher",257,"20:00:00",12.497,0
"367","Fletcher",257,"21:00:00",10.651,0
"368","Fletcher",257,"22:00:00",9.768,0
"369","Fletcher",257,"23:00:00",8.68,0
"370","Fletcher",258,"00:00:00",8.282,0
"371","Fletcher",258,"01:00:00",7.983,0
"372","Fletcher",258,"02:00:00",8.382,0
"373","Fletcher",258,"03:00:00",6.877,0
"374","Fletcher",258,"04:00:00",6.674,0
"375","Fletcher",258,"05:00:00",6.978,0
"376","Fletcher",258,"06:00:00",6.978,0
"377","Fletcher",258,"07:00:00",5.86,118.4
"378","Fletcher",258,"08:00:00",7.381,269.1
"379","Fletcher",258,"09:00:00",8.282,452.1
"380","Fletcher",258,"10:00:00",18.14,14466.8
"381","Fletcher",258,"11:00:00",24.545,31689.1
"382","Fletcher",258,"12:00:00",23.292,16533.4
"383","Fletcher",258,"13:00:00",20.519,6544.5
"384","Fletcher",258,"14:00:00",24.351,18600.1
"385","Fletcher",258,"15:00:00",20.996,9300.1
"386","Fletcher",258,"16:00:00",19.092,5511.1
"387","Fletcher",258,"17:00:00",16.713,2238.9
"388","Fletcher",258,"18:00:00",14.517,1033.3
"389","Fletcher",258,"19:00:00",11.625,96.9
"390","Fletcher",258,"20:00:00",10.063,0
"391","Fletcher",258,"21:00:00",10.651,0
"392","Fletcher",258,"22:00:00",10.651,0
"393","Fletcher",258,"23:00:00",11.431,0
"394","Fletcher",259,"00:00:00",10.651,0
"395","Fletcher",259,"01:00:00",11.431,0
"396","Fletcher",259,"02:00:00",11.722,0
"397","Fletcher",259,"03:00:00",11.334,0
"398","Fletcher",259,"04:00:00",11.139,0
"399","Fletcher",259,"05:00:00",10.846,0
"400","Fletcher",259,"06:00:00",10.651,0
"401","Fletcher",259,"07:00:00",10.455,258.3
"402","Fletcher",259,"08:00:00",10.357,1463.9
"403","Fletcher",259,"09:00:00",11.431,775
"404","Fletcher",259,"10:00:00",17.855,7577.8
"405","Fletcher",259,"11:00:00",22.429,14466.8
"406","Fletcher",259,"12:00:00",25.902,17222.3
"407","Fletcher",259,"13:00:00",26.781,0
"408","Fletcher",259,"14:00:00",28.953,0
"409","Fletcher",259,"15:00:00",27.764,0
"410","Fletcher",259,"16:00:00",23.869,0
"411","Fletcher",259,"17:00:00",22.812,0
"412","Fletcher",259,"18:00:00",22.333,0
"413","Fletcher",259,"19:00:00",22.142,0
"414","Fletcher",259,"20:00:00",21.951,0
"415","Fletcher",259,"21:00:00",21.855,0
"416","Fletcher",259,"22:00:00",22.046,0
"417","Fletcher",259,"23:00:00",22.142,0
"418","Fletcher",260,"00:00:00",22.046,0
"419","Fletcher",260,"01:00:00",22.046,0
"420","Fletcher",260,"02:00:00",21.855,0
"421","Fletcher",260,"03:00:00",21.664,0
"422","Fletcher",260,"04:00:00",21.664,0
"423","Fletcher",260,"05:00:00",21.473,0
"424","Fletcher",260,"06:00:00",21.378,0
"425","Fletcher",260,"07:00:00",21.282,0
"426","Fletcher",260,"08:00:00",21.091,0
"427","Fletcher",260,"09:00:00",20.996,0
"428","Fletcher",260,"10:00:00",20.901,0
"429","Fletcher",260,"11:00:00",20.901,0
"430","Fletcher",260,"12:00:00",20.805,0
"431","Fletcher",260,"13:00:00",20.424,0
"432","Fletcher",260,"14:00:00",20.615,0
"433","Fletcher",260,"15:00:00",20.901,0
"434","Fletcher",260,"16:00:00",21.187,0
"435","Fletcher",260,"17:00:00",21.473,0
"436","Fletcher",260,"18:00:00",21.569,0
"437","Fletcher",260,"19:00:00",21.664,0
"438","Fletcher",260,"20:00:00",21.76,0
"439","Fletcher",260,"21:00:00",21.855,0
"440","Fletcher",260,"22:00:00",21.855,0
"441","Fletcher",260,"23:00:00",21.951,0
"442","Fletcher",261,"00:00:00",21.951,0
"443","Fletcher",261,"01:00:00",21.855,0
"444","Fletcher",261,"02:00:00",21.855,0
"445","Fletcher",261,"03:00:00",21.855,0
"446","Fletcher",261,"04:00:00",21.855,0
"447","Fletcher",261,"05:00:00",21.76,0
"448","Fletcher",261,"06:00:00",21.76,0
"449","Fletcher",261,"07:00:00",21.664,0
"450","Fletcher",261,"08:00:00",21.378,0
"451","Fletcher",261,"09:00:00",21.282,0
"452","Fletcher",261,"10:00:00",21.282,0
"453","Fletcher",261,"11:00:00",21.378,0
"454","Fletcher",261,"12:00:00",21.569,0
"455","Fletcher",261,"13:00:00",21.664,0
"456","Fletcher",261,"14:00:00",21.76,0
"457","Fletcher",261,"15:00:00",21.76,0
"458","Fletcher",261,"16:00:00",21.664,0
"459","Fletcher",261,"17:00:00",21.76,0
"460","Fletcher",261,"18:00:00",21.76,0
"461","Fletcher",261,"19:00:00",21.664,0
"462","Fletcher",261,"20:00:00",21.664,0
"463","Fletcher",261,"21:00:00",21.664,0
"464","Fletcher",261,"22:00:00",21.664,0
"465","Fletcher",261,"23:00:00",21.569,0
"466","Fletcher",262,"00:00:00",21.473,0
"467","Fletcher",262,"01:00:00",21.473,0
"468","Fletcher",262,"02:00:00",21.378,0
"469","Fletcher",262,"03:00:00",21.378,0
"470","Fletcher",262,"04:00:00",21.282,0
"471","Fletcher",262,"05:00:00",21.282,0
"472","Fletcher",262,"06:00:00",21.187,0
"473","Fletcher",262,"07:00:00",21.187,0
"474","Fletcher",262,"08:00:00",21.091,0
"475","Fletcher",262,"09:00:00",21.091,0
"476","Fletcher",262,"10:00:00",20.996,0
"477","Fletcher",262,"11:00:00",21.187,0
"478","Fletcher",262,"12:00:00",21.187,0
"479","Fletcher",262,"13:00:00",21.282,0
"480","Fletcher",262,"14:00:00",21.187,0
"481","Fletcher",262,"15:00:00",21.091,0
"482","Fletcher",262,"16:00:00",20.996,0
"483","Fletcher",262,"17:00:00",21.091,0
"484","Fletcher",262,"18:00:00",21.187,0
"485","Fletcher",262,"19:00:00",20.424,0
"486","Fletcher",262,"20:00:00",19.662,0
"487","Fletcher",262,"21:00:00",19.187,0
"488","Fletcher",262,"22:00:00",18.996,0
"489","Fletcher",262,"23:00:00",18.996,0
"490","Fletcher",263,"00:00:00",19.092,0
"491","Fletcher",263,"01:00:00",18.996,0
"492","Fletcher",263,"02:00:00",18.996,0
"493","Fletcher",263,"03:00:00",18.901,0
"494","Fletcher",263,"04:00:00",18.901,0
"495","Fletcher",263,"05:00:00",18.806,0
"496","Fletcher",263,"06:00:00",18.806,0
"497","Fletcher",263,"07:00:00",18.806,0
"498","Fletcher",263,"08:00:00",18.996,0
"499","Fletcher",263,"09:00:00",18.901,0
"500","Fletcher",263,"10:00:00",18.901,0
"501","Fletcher",263,"11:00:00",18.901,0
"502","Fletcher",263,"12:00:00",18.901,0
"503","Fletcher",263,"13:00:00",18.806,0
"504","Fletcher",263,"14:00:00",18.901,0
"505","Fletcher",263,"15:00:00",18.996,0
"506","Fletcher",263,"16:00:00",18.996,0
"507","Fletcher",263,"17:00:00",18.996,0
"508","Fletcher",263,"18:00:00",18.996,0
"509","Fletcher",263,"19:00:00",19.092,0
"510","Fletcher",263,"20:00:00",19.092,0
"511","Fletcher",263,"21:00:00",19.377,0
"512","Fletcher",263,"22:00:00",19.567,0
"513","Fletcher",263,"23:00:00",19.758,0
"514","Fletcher",264,"00:00:00",19.853,0
"515","Fletcher",264,"01:00:00",19.853,0
"516","Fletcher",264,"02:00:00",19.758,0
"517","Fletcher",264,"03:00:00",19.662,0
"518","Fletcher",264,"04:00:00",19.567,0
"519","Fletcher",264,"05:00:00",19.567,0
"520","Fletcher",264,"06:00:00",19.472,0
"521","Fletcher",264,"07:00:00",19.472,0
"522","Fletcher",264,"08:00:00",19.472,0
"523","Fletcher",264,"09:00:00",19.472,0
"524","Fletcher",264,"10:00:00",18.711,0
"525","Fletcher",264,"11:00:00",19.377,0
"526","Fletcher",264,"12:00:00",22.238,0
"527","Fletcher",264,"13:00:00",22.525,0
"528","Fletcher",264,"14:00:00",22.429,0
"529","Fletcher",264,"15:00:00",23.581,172.2
"530","Fletcher",264,"16:00:00",21.664,0
"531","Fletcher",264,"17:00:00",20.996,10.8
"532","Fletcher",264,"18:00:00",21.187,0
"533","Fletcher",264,"19:00:00",21.282,0
"534","Fletcher",264,"20:00:00",21.282,0
"535","Fletcher",264,"21:00:00",21.76,10.8
"536","Fletcher",264,"22:00:00",21.76,10.8
"537","Fletcher",264,"23:00:00",21.569,0
"538","Fletcher",265,"00:00:59",21.664,0
"539","Fletcher",265,"01:00:59",21.664,0
"540","Fletcher",265,"02:00:59",21.664,0
"541","Fletcher",265,"03:00:59",21.664,0
"542","Fletcher",265,"04:00:59",21.569,0
"543","Fletcher",265,"05:00:59",21.473,0
"544","Fletcher",265,"06:00:59",21.378,0
"545","Fletcher",265,"07:00:59",21.282,10.8
"546","Fletcher",265,"08:00:59",21.282,10.8
"547","Fletcher",265,"09:00:59",21.187,86.1
"548","Fletcher",265,"10:00:59",20.901,43.1
"549","Fletcher",265,"11:00:59",20.519,86.1
"550","Fletcher",265,"12:00:59",20.805,86.1
"551","Greenhouse",242,"15:00:00",27.961,527.4
"552","Greenhouse",242,"16:00:00",23.869,398.3
"553","Greenhouse",242,"17:00:00",23.388,473.6
"554","Greenhouse",242,"18:00:00",22.908,301.4
"555","Greenhouse",242,"19:00:00",23.1,32.3
"556","Greenhouse",242,"20:00:00",23.004,0
"557","Greenhouse",242,"21:00:00",22.812,0
"558","Greenhouse",242,"22:00:00",22.812,0
"559","Greenhouse",242,"23:00:00",22.621,0
"560","Greenhouse",243,"00:00:00",22.525,0
"561","Greenhouse",243,"01:00:00",22.238,0
"562","Greenhouse",243,"02:00:00",22.142,0
"563","Greenhouse",243,"03:00:00",21.951,0
"564","Greenhouse",243,"04:00:00",21.664,0
"565","Greenhouse",243,"05:00:00",21.855,0
"566","Greenhouse",243,"06:00:00",21.569,0
"567","Greenhouse",243,"07:00:00",21.473,150.7
"568","Greenhouse",243,"08:00:00",21.664,559.7
"569","Greenhouse",243,"09:00:00",23.292,2583.4
"570","Greenhouse",243,"10:00:00",23.966,2411.1
"571","Greenhouse",243,"11:00:00",24.931,1722.2
"572","Greenhouse",243,"12:00:00",25.61,2755.6
"573","Greenhouse",243,"13:00:00",25.125,624.3
"574","Greenhouse",243,"14:00:00",26.195,2583.4
"575","Greenhouse",243,"15:00:00",22.525,731.9
"576","Greenhouse",243,"16:00:00",25.028,441.3
"577","Greenhouse",243,"17:00:00",24.255,613.5
"578","Greenhouse",243,"18:00:00",22.525,32.3
"579","Greenhouse",243,"19:00:00",22.046,32.3
"580","Greenhouse",243,"20:00:00",21.76,0
"581","Greenhouse",243,"21:00:00",22.142,0
"582","Greenhouse",243,"22:00:00",21.378,0
"583","Greenhouse",243,"23:00:00",21.473,0
"584","Greenhouse",244,"00:00:00",21.282,0
"585","Greenhouse",244,"01:00:00",21.187,0
"586","Greenhouse",244,"02:00:00",20.71,0
"587","Greenhouse",244,"03:00:00",20.996,0
"588","Greenhouse",244,"04:00:00",20.996,0
"589","Greenhouse",244,"05:00:00",20.424,0
"590","Greenhouse",244,"06:00:00",20.043,0
"591","Greenhouse",244,"07:00:00",20.329,118.4
"592","Greenhouse",244,"08:00:00",19.662,1722.2
"593","Greenhouse",244,"09:00:00",21.378,3444.5
"594","Greenhouse",244,"10:00:00",19.377,1894.5
"595","Greenhouse",244,"11:00:00",21.569,1550
"596","Greenhouse",244,"12:00:00",24.062,3100
"597","Greenhouse",244,"13:00:00",23.581,2066.7
"598","Greenhouse",244,"14:00:00",22.621,1722.2
"599","Greenhouse",244,"15:00:00",26.977,2755.6
"600","Greenhouse",244,"16:00:00",24.158,2669.5
"601","Greenhouse",244,"17:00:00",23.196,785.8
"602","Greenhouse",244,"18:00:00",21.855,344.4
"603","Greenhouse",244,"19:00:00",20.805,96.9
"604","Greenhouse",244,"20:00:00",22.142,0
"605","Greenhouse",244,"21:00:00",21.378,0
"606","Greenhouse",244,"22:00:00",20.901,0
"607","Greenhouse",244,"23:00:00",20.901,0
"608","Greenhouse",245,"00:00:00",20.901,0
"609","Greenhouse",245,"01:00:00",20.805,0
"610","Greenhouse",245,"02:00:00",21.664,0
"611","Greenhouse",245,"03:00:00",21.569,0
"612","Greenhouse",245,"04:00:00",20.996,0
"613","Greenhouse",245,"05:00:00",21.091,0
"614","Greenhouse",245,"06:00:00",21.378,0
"615","Greenhouse",245,"07:00:00",21.664,150.7
"616","Greenhouse",245,"08:00:00",21.282,656.6
"617","Greenhouse",245,"09:00:00",21.951,2325
"618","Greenhouse",245,"10:00:00",24.738,1636.1
"619","Greenhouse",245,"11:00:00",22.238,1980.6
"620","Greenhouse",245,"12:00:00",25.708,2152.8
"621","Greenhouse",245,"13:00:00",31.983,10333.4
"622","Greenhouse",245,"14:00:00",34.268,15155.7
"623","Greenhouse",245,"15:00:00",31.064,5338.9
"624","Greenhouse",245,"16:00:00",28.06,1302.4
"625","Greenhouse",245,"17:00:00",26.292,398.3
"626","Greenhouse",245,"18:00:00",25.416,344.4
"627","Greenhouse",245,"19:00:00",24.351,43.1
"628","Greenhouse",245,"20:00:00",23.004,0
"629","Greenhouse",245,"21:00:00",22.046,0
"630","Greenhouse",245,"22:00:00",21.378,0
"631","Greenhouse",245,"23:00:00",20.71,0
"632","Greenhouse",246,"00:00:00",20.424,0
"633","Greenhouse",246,"01:00:00",19.853,0
"634","Greenhouse",246,"02:00:00",21.664,0
"635","Greenhouse",246,"03:00:00",21.473,0
"636","Greenhouse",246,"04:00:00",21.378,0
"637","Greenhouse",246,"05:00:00",21.091,0
"638","Greenhouse",246,"06:00:00",21.187,0
"639","Greenhouse",246,"07:00:00",21.282,322.9
"640","Greenhouse",246,"08:00:00",21.664,1151.7
"641","Greenhouse",246,"09:00:00",22.429,3444.5
"642","Greenhouse",246,"10:00:00",23.581,3788.9
"643","Greenhouse",246,"11:00:00",24.835,3100
"644","Greenhouse",246,"12:00:00",27.468,4822.3
"645","Greenhouse",246,"13:00:00",34.058,10677.8
"646","Greenhouse",246,"14:00:00",37.055,15155.7
"647","Greenhouse",246,"15:00:00",33.326,4994.5
"648","Greenhouse",246,"16:00:00",30.659,1722.2
"649","Greenhouse",246,"17:00:00",30.054,1087.2
"650","Greenhouse",246,"18:00:00",28.853,613.5
"651","Greenhouse",246,"19:00:00",27.468,236.8
"652","Greenhouse",246,"20:00:00",26,0
"653","Greenhouse",246,"21:00:00",23.292,0
"654","Greenhouse",246,"22:00:00",22.908,0
"655","Greenhouse",246,"23:00:00",22.238,0
"656","Greenhouse",247,"00:00:00",21.378,0
"657","Greenhouse",247,"01:00:00",21.473,0
"658","Greenhouse",247,"02:00:00",21.664,0
"659","Greenhouse",247,"03:00:00",21.282,0
"660","Greenhouse",247,"04:00:00",21.091,0
"661","Greenhouse",247,"05:00:00",21.282,0
"662","Greenhouse",247,"06:00:00",20.996,0
"663","Greenhouse",247,"07:00:00",21.091,75.3
"664","Greenhouse",247,"08:00:00",21.282,484.4
"665","Greenhouse",247,"09:00:00",21.091,462.9
"666","Greenhouse",247,"10:00:00",21.473,1636.1
"667","Greenhouse",247,"11:00:00",20.901,1463.9
"668","Greenhouse",247,"12:00:00",21.951,3444.5
"669","Greenhouse",247,"13:00:00",23.388,2583.4
"670","Greenhouse",247,"14:00:00",22.525,2238.9
"671","Greenhouse",247,"15:00:00",22.333,1894.5
"672","Greenhouse",247,"16:00:00",21.569,2066.7
"673","Greenhouse",247,"17:00:00",21.473,592
"674","Greenhouse",247,"18:00:00",20.805,699.7
"675","Greenhouse",247,"19:00:00",20.615,161.5
"676","Greenhouse",247,"20:00:00",20.901,0
"677","Greenhouse",247,"21:00:00",21.091,0
"678","Greenhouse",247,"22:00:00",20.901,0
"679","Greenhouse",247,"23:00:00",20.901,0
"680","Greenhouse",248,"00:00:00",20.71,0
"681","Greenhouse",248,"01:00:00",20.901,0
"682","Greenhouse",248,"02:00:00",20.996,0
"683","Greenhouse",248,"03:00:00",20.71,0
"684","Greenhouse",248,"04:00:00",20.805,0
"685","Greenhouse",248,"05:00:00",20.615,0
"686","Greenhouse",248,"06:00:00",20.424,0
"687","Greenhouse",248,"07:00:00",20.71,183
"688","Greenhouse",248,"08:00:00",20.901,796.5
"689","Greenhouse",248,"09:00:00",20.329,1463.9
"690","Greenhouse",248,"10:00:00",21.282,2411.1
"691","Greenhouse",248,"11:00:00",22.525,3961.1
"692","Greenhouse",248,"12:00:00",23.966,4822.3
"693","Greenhouse",248,"13:00:00",25.61,4994.5
"694","Greenhouse",248,"14:00:00",24.931,2669.5
"695","Greenhouse",248,"15:00:00",28.258,4650
"696","Greenhouse",248,"16:00:00",26.195,1377.8
"697","Greenhouse",248,"17:00:00",24.835,1356.3
"698","Greenhouse",248,"18:00:00",23.773,312.2
"699","Greenhouse",248,"19:00:00",22.238,161.5
"700","Greenhouse",248,"20:00:00",21.091,0
"701","Greenhouse",248,"21:00:00",20.71,0
"702","Greenhouse",248,"22:00:00",21.569,0
"703","Greenhouse",248,"23:00:00",20.901,0
"704","Greenhouse",249,"00:00:00",21.091,0
"705","Greenhouse",249,"01:00:00",20.996,0
"706","Greenhouse",249,"02:00:00",20.996,0
"707","Greenhouse",249,"03:00:00",20.424,0
"708","Greenhouse",249,"04:00:00",20.71,0
"709","Greenhouse",249,"05:00:00",20.996,0
"710","Greenhouse",249,"06:00:00",20.424,0
"711","Greenhouse",249,"07:00:00",20.805,86.1
"712","Greenhouse",249,"08:00:00",20.901,1636.1
"713","Greenhouse",249,"09:00:00",21.187,1636.1
"714","Greenhouse",249,"10:00:00",22.429,2497.2
"715","Greenhouse",249,"11:00:00",22.717,4305.6
"716","Greenhouse",249,"12:00:00",23.1,3616.7
"717","Greenhouse",249,"13:00:00",24.931,2411.1
"718","Greenhouse",249,"14:00:00",25.028,2238.9
"719","Greenhouse",249,"15:00:00",25.61,2927.8
"720","Greenhouse",249,"16:00:00",26,1980.6
"721","Greenhouse",249,"17:00:00",24.931,1194.8
"722","Greenhouse",249,"18:00:00",23.581,409
"723","Greenhouse",249,"19:00:00",22.429,96.9
"724","Greenhouse",249,"20:00:00",21.473,0
"725","Greenhouse",249,"21:00:00",20.996,0
"726","Greenhouse",249,"22:00:00",20.996,0
"727","Greenhouse",249,"23:00:00",21.378,0
"728","Greenhouse",250,"00:00:00",20.901,0
"729","Greenhouse",250,"01:00:00",21.378,0
"730","Greenhouse",250,"02:00:00",21.091,0
"731","Greenhouse",250,"03:00:00",20.996,0
"732","Greenhouse",250,"04:00:00",20.996,0
"733","Greenhouse",250,"05:00:00",21.378,0
"734","Greenhouse",250,"06:00:00",21.091,0
"735","Greenhouse",250,"07:00:00",20.996,75.3
"736","Greenhouse",250,"08:00:00",21.76,581.3
"737","Greenhouse",250,"09:00:00",22.238,1205.6
"738","Greenhouse",250,"10:00:00",23.1,1722.2
"739","Greenhouse",250,"11:00:00",26.195,3788.9
"740","Greenhouse",250,"12:00:00",26.39,3272.2
"741","Greenhouse",250,"13:00:00",26.097,3961.1
"742","Greenhouse",250,"14:00:00",31.676,1894.5
"743","Greenhouse",250,"15:00:00",28.754,2325
"744","Greenhouse",250,"16:00:00",27.272,1980.6
"745","Greenhouse",250,"17:00:00",26.683,462.9
"746","Greenhouse",250,"18:00:00",25.805,366
"747","Greenhouse",250,"19:00:00",24.641,96.9
"748","Greenhouse",250,"20:00:00",23.1,0
"749","Greenhouse",250,"21:00:00",21.855,0
"750","Greenhouse",250,"22:00:00",20.996,0
"751","Greenhouse",250,"23:00:00",21.76,0
"752","Greenhouse",251,"00:00:00",21.76,0
"753","Greenhouse",251,"01:00:00",20.901,0
"754","Greenhouse",251,"02:00:00",21.855,0
"755","Greenhouse",251,"03:00:00",20.805,0
"756","Greenhouse",251,"04:00:00",20.901,0
"757","Greenhouse",251,"05:00:00",20.901,0
"758","Greenhouse",251,"06:00:00",20.901,0
"759","Greenhouse",251,"07:00:00",20.901,107.6
"760","Greenhouse",251,"08:00:00",22.142,1065.6
"761","Greenhouse",251,"09:00:00",23.196,1636.1
"762","Greenhouse",251,"10:00:00",24.545,1980.6
"763","Greenhouse",251,"11:00:00",26.488,3616.7
"764","Greenhouse",251,"12:00:00",26.39,4477.8
"765","Greenhouse",251,"13:00:00",29.953,8611.2
"766","Greenhouse",251,"14:00:00",35.542,14466.8
"767","Greenhouse",251,"15:00:00",30.963,4133.4
"768","Greenhouse",251,"16:00:00",28.853,1463.9
"769","Greenhouse",251,"17:00:00",26.879,473.6
"770","Greenhouse",251,"18:00:00",25.708,322.9
"771","Greenhouse",251,"19:00:00",24.448,86.1
"772","Greenhouse",251,"20:00:00",22.429,0
"773","Greenhouse",251,"21:00:00",20.996,0
"774","Greenhouse",251,"22:00:00",20.234,0
"775","Greenhouse",251,"23:00:00",19.662,0
"776","Greenhouse",252,"00:00:00",18.806,0
"777","Greenhouse",252,"01:00:00",21.569,0
"778","Greenhouse",252,"02:00:00",21.282,0
"779","Greenhouse",252,"03:00:00",21.378,0
"780","Greenhouse",252,"04:00:00",21.282,0
"781","Greenhouse",252,"05:00:00",21.282,0
"782","Greenhouse",252,"06:00:00",21.187,0
"783","Greenhouse",252,"07:00:00",21.187,193.8
"784","Greenhouse",252,"08:00:00",21.569,1184
"785","Greenhouse",252,"09:00:00",22.046,2583.4
"786","Greenhouse",252,"10:00:00",22.429,2066.7
"787","Greenhouse",252,"11:00:00",24.448,3272.2
"788","Greenhouse",252,"12:00:00",27.272,4305.6
"789","Greenhouse",252,"13:00:00",30.255,7233.4
"790","Greenhouse",252,"14:00:00",33.743,12400.1
"791","Greenhouse",252,"15:00:00",30.558,3788.9
"792","Greenhouse",252,"16:00:00",29.053,1550
"793","Greenhouse",252,"17:00:00",27.37,635.1
"794","Greenhouse",252,"18:00:00",26.097,398.3
"795","Greenhouse",252,"19:00:00",25.125,107.6
"796","Greenhouse",252,"20:00:00",23.581,0
"797","Greenhouse",252,"21:00:00",22.429,0
"798","Greenhouse",252,"22:00:00",21.664,0
"799","Greenhouse",252,"23:00:00",21.091,0
"800","Greenhouse",253,"00:00:00",20.519,0
"801","Greenhouse",253,"01:00:00",20.138,0
"802","Greenhouse",253,"02:00:00",21.855,0
"803","Greenhouse",253,"03:00:00",21.378,0
"804","Greenhouse",253,"04:00:00",21.091,0
"805","Greenhouse",253,"05:00:00",21.187,0
"806","Greenhouse",253,"06:00:00",21.282,0
"807","Greenhouse",253,"07:00:00",21.378,96.9
"808","Greenhouse",253,"08:00:00",21.378,1033.3
"809","Greenhouse",253,"09:00:00",22.525,3272.2
"810","Greenhouse",253,"10:00:00",24.351,1980.6
"811","Greenhouse",253,"11:00:00",26.977,3788.9
"812","Greenhouse",253,"12:00:00",30.054,2927.8
"813","Greenhouse",253,"13:00:00",33.118,7577.8
"814","Greenhouse",253,"14:00:00",37.274,14466.8
"815","Greenhouse",253,"15:00:00",31.88,4133.4
"816","Greenhouse",253,"16:00:00",30.558,1980.6
"817","Greenhouse",253,"17:00:00",28.953,527.4
"818","Greenhouse",253,"18:00:00",27.862,602.8
"819","Greenhouse",253,"19:00:00",26.683,183
"820","Greenhouse",253,"20:00:00",24.835,0
"821","Greenhouse",253,"21:00:00",23.484,0
"822","Greenhouse",253,"22:00:00",22.429,0
"823","Greenhouse",253,"23:00:00",20.805,0
"824","Greenhouse",254,"00:00:00",20.138,0
"825","Greenhouse",254,"01:00:00",19.948,0
"826","Greenhouse",254,"02:00:00",21.664,0
"827","Greenhouse",254,"03:00:00",21.569,0
"828","Greenhouse",254,"04:00:00",21.378,0
"829","Greenhouse",254,"05:00:00",21.187,0
"830","Greenhouse",254,"06:00:00",21.282,0
"831","Greenhouse",254,"07:00:00",21.187,118.4
"832","Greenhouse",254,"08:00:00",21.282,495.1
"833","Greenhouse",254,"09:00:00",22.525,2927.8
"834","Greenhouse",254,"10:00:00",24.448,2066.7
"835","Greenhouse",254,"11:00:00",26.879,3272.2
"836","Greenhouse",254,"12:00:00",25.513,3961.1
"837","Greenhouse",254,"13:00:00",26.781,5511.1
"838","Greenhouse",254,"14:00:00",26.879,3961.1
"839","Greenhouse",254,"15:00:00",25.61,1636.1
"840","Greenhouse",254,"16:00:00",25.222,1151.7
"841","Greenhouse",254,"17:00:00",24.835,850.4
"842","Greenhouse",254,"18:00:00",24.255,441.3
"843","Greenhouse",254,"19:00:00",23.388,161.5
"844","Greenhouse",254,"20:00:00",22.429,0
"845","Greenhouse",254,"21:00:00",21.855,0
"846","Greenhouse",254,"22:00:00",21.282,0
"847","Greenhouse",254,"23:00:00",20.615,0
"848","Greenhouse",255,"00:00:00",20.234,0
"849","Greenhouse",255,"01:00:00",21.76,0
"850","Greenhouse",255,"02:00:00",21.282,0
"851","Greenhouse",255,"03:00:00",21.187,0
"852","Greenhouse",255,"04:00:00",21.091,0
"853","Greenhouse",255,"05:00:00",21.091,0
"854","Greenhouse",255,"06:00:00",20.805,0
"855","Greenhouse",255,"07:00:00",20.996,75.3
"856","Greenhouse",255,"08:00:00",21.282,882.6
"857","Greenhouse",255,"09:00:00",22.621,1894.5
"858","Greenhouse",255,"10:00:00",24.062,1980.6
"859","Greenhouse",255,"11:00:00",23.1,4133.4
"860","Greenhouse",255,"12:00:00",24.738,3444.5
"861","Greenhouse",255,"13:00:00",24.448,1980.6
"862","Greenhouse",255,"14:00:00",28.655,12400.1
"863","Greenhouse",255,"15:00:00",27.272,3444.5
"864","Greenhouse",255,"16:00:00",25.805,1119.5
"865","Greenhouse",255,"17:00:00",25.125,688.9
"866","Greenhouse",255,"18:00:00",24.835,505.9
"867","Greenhouse",255,"19:00:00",24.158,118.4
"868","Greenhouse",255,"20:00:00",23.292,0
"869","Greenhouse",255,"21:00:00",22.812,0
"870","Greenhouse",255,"22:00:00",22.429,0
"871","Greenhouse",255,"23:00:00",21.951,0
"872","Greenhouse",256,"00:00:00",21.76,0
"873","Greenhouse",256,"01:00:00",21.473,0
"874","Greenhouse",256,"02:00:00",21.282,0
"875","Greenhouse",256,"03:00:00",20.901,0
"876","Greenhouse",256,"04:00:00",20.615,0
"877","Greenhouse",256,"05:00:00",20.424,0
"878","Greenhouse",256,"06:00:00",20.615,0
"879","Greenhouse",256,"07:00:00",21.378,107.6
"880","Greenhouse",256,"08:00:00",21.282,398.3
"881","Greenhouse",256,"09:00:00",22.333,1162.5
"882","Greenhouse",256,"10:00:00",24.448,3272.2
"883","Greenhouse",256,"11:00:00",24.158,1894.5
"884","Greenhouse",256,"12:00:00",23.388,947.2
"885","Greenhouse",256,"13:00:00",21.951,312.2
"886","Greenhouse",256,"14:00:00",21.951,710.4
"887","Greenhouse",256,"15:00:00",22.717,1259.4
"888","Greenhouse",256,"16:00:00",23.196,893.4
"889","Greenhouse",256,"17:00:00",22.812,721.2
"890","Greenhouse",256,"18:00:00",22.621,118.4
"891","Greenhouse",256,"19:00:00",21.378,0
"892","Greenhouse",256,"20:00:00",20.901,0
"893","Greenhouse",256,"21:00:00",21.855,0
"894","Greenhouse",256,"22:00:00",21.282,0
"895","Greenhouse",256,"23:00:00",21.091,0
"896","Greenhouse",257,"00:00:00",21.378,0
"897","Greenhouse",257,"01:00:00",20.996,0
"898","Greenhouse",257,"02:00:00",21.282,0
"899","Greenhouse",257,"03:00:00",21.473,0
"900","Greenhouse",257,"04:00:00",21.091,0
"901","Greenhouse",257,"05:00:00",21.664,0
"902","Greenhouse",257,"06:00:00",21.091,0
"903","Greenhouse",257,"07:00:00",20.901,75.3
"904","Greenhouse",257,"08:00:00",21.855,398.3
"905","Greenhouse",257,"09:00:00",22.333,1722.2
"906","Greenhouse",257,"10:00:00",24.545,3100
"907","Greenhouse",257,"11:00:00",24.641,1377.8
"908","Greenhouse",257,"12:00:00",23.292,2152.8
"909","Greenhouse",257,"13:00:00",24.448,1377.8
"910","Greenhouse",257,"14:00:00",24.351,2669.5
"911","Greenhouse",257,"15:00:00",23.1,1550
"912","Greenhouse",257,"16:00:00",23.388,2583.4
"913","Greenhouse",257,"17:00:00",21.664,968.8
"914","Greenhouse",257,"18:00:00",20.138,226
"915","Greenhouse",257,"19:00:00",21.282,43.1
"916","Greenhouse",257,"20:00:00",21.091,0
"917","Greenhouse",257,"21:00:00",21.282,0
"918","Greenhouse",257,"22:00:00",20.329,0
"919","Greenhouse",257,"23:00:00",20.901,0
"920","Greenhouse",258,"00:00:00",20.805,0
"921","Greenhouse",258,"01:00:00",20.519,0
"922","Greenhouse",258,"02:00:00",20.901,0
"923","Greenhouse",258,"03:00:00",20.329,0
"924","Greenhouse",258,"04:00:00",20.901,0
"925","Greenhouse",258,"05:00:00",20.138,0
"926","Greenhouse",258,"06:00:00",20.805,0
"927","Greenhouse",258,"07:00:00",20.234,64.6
"928","Greenhouse",258,"08:00:00",20.043,624.3
"929","Greenhouse",258,"09:00:00",19.662,2325
"930","Greenhouse",258,"10:00:00",19.662,1808.3
"931","Greenhouse",258,"11:00:00",21.378,3272.2
"932","Greenhouse",258,"12:00:00",24.158,4305.6
"933","Greenhouse",258,"13:00:00",26.195,7233.4
"934","Greenhouse",258,"14:00:00",29.352,12400.1
"935","Greenhouse",258,"15:00:00",26.39,4133.4
"936","Greenhouse",258,"16:00:00",24.738,1980.6
"937","Greenhouse",258,"17:00:00",22.525,538.2
"938","Greenhouse",258,"18:00:00",21.855,279.9
"939","Greenhouse",258,"19:00:00",23.773,43.1
"940","Greenhouse",258,"20:00:00",22.908,0
"941","Greenhouse",258,"21:00:00",22.333,0
"942","Greenhouse",258,"22:00:00",22.238,0
"943","Greenhouse",258,"23:00:00",22.621,0
"944","Greenhouse",259,"00:00:00",22.908,0
"945","Greenhouse",259,"01:00:00",22.621,0
"946","Greenhouse",259,"02:00:00",22.142,0
"947","Greenhouse",259,"03:00:00",22.046,0
"948","Greenhouse",259,"04:00:00",22.621,0
"949","Greenhouse",259,"05:00:00",23.004,0
"950","Greenhouse",259,"06:00:00",22.812,0
"951","Greenhouse",259,"07:00:00",22.238,107.6
"952","Greenhouse",259,"08:00:00",22.238,979.5
"953","Greenhouse",259,"09:00:00",22.717,1980.6
"954","Greenhouse",259,"10:00:00",23.388,2152.8
"955","Greenhouse",259,"11:00:00",25.513,4305.6
"956","Greenhouse",259,"12:00:00",24.738,3961.1
"957","Greenhouse",259,"13:00:00",25.319,1894.5
"958","Greenhouse",259,"14:00:00",29.652,2497.2
"959","Greenhouse",259,"15:00:00",26.683,5166.7
"960","Greenhouse",259,"16:00:00",26.097,2927.8
"961","Greenhouse",259,"17:00:00",23.388,1313.2
"962","Greenhouse",259,"18:00:00",21.664,441.3
"963","Greenhouse",259,"19:00:00",22.621,43.1
"964","Greenhouse",259,"20:00:00",23.1,0
"965","Greenhouse",259,"21:00:00",22.333,0
"966","Greenhouse",259,"22:00:00",22.429,0
"967","Greenhouse",259,"23:00:00",23.004,0
"968","Greenhouse",260,"00:00:00",22.142,0
"969","Greenhouse",260,"01:00:00",22.525,0
"970","Greenhouse",260,"02:00:00",23.004,0
"971","Greenhouse",260,"03:00:00",22.142,0
"972","Greenhouse",260,"04:00:00",22.717,0
"973","Greenhouse",260,"05:00:00",22.908,0
"974","Greenhouse",260,"06:00:00",21.951,0
"975","Greenhouse",260,"07:00:00",23.1,204.5
"976","Greenhouse",260,"08:00:00",22.812,602.8
"977","Greenhouse",260,"09:00:00",22.333,1302.4
"978","Greenhouse",260,"10:00:00",23.004,2152.8
"979","Greenhouse",260,"11:00:00",23.966,2583.4
"980","Greenhouse",260,"12:00:00",25.028,3100
"981","Greenhouse",260,"13:00:00",21.569,3100
"982","Greenhouse",260,"14:00:00",21.76,2927.8
"983","Greenhouse",260,"15:00:00",22.525,1636.1
"984","Greenhouse",260,"16:00:00",22.142,2152.8
"985","Greenhouse",260,"17:00:00",22.621,1345.5
"986","Greenhouse",260,"18:00:00",22.429,947.2
"987","Greenhouse",260,"19:00:00",21.282,64.6
"988","Greenhouse",260,"20:00:00",22.046,0
"989","Greenhouse",260,"21:00:00",21.951,0
"990","Greenhouse",260,"22:00:00",21.855,0
"991","Greenhouse",260,"23:00:00",22.333,0
"992","Greenhouse",261,"00:00:00",22.046,0
"993","Greenhouse",261,"01:00:00",22.142,0
"994","Greenhouse",261,"02:00:00",22.333,0
"995","Greenhouse",261,"03:00:00",22.333,0
"996","Greenhouse",261,"04:00:00",22.142,0
"997","Greenhouse",261,"05:00:00",22.333,0
"998","Greenhouse",261,"06:00:00",22.908,0
"999","Greenhouse",261,"07:00:00",22.238,96.9
"1000","Greenhouse",261,"08:00:00",23.196,667.4
"1001","Greenhouse",261,"09:00:00",23.869,1463.9
"1002","Greenhouse",261,"10:00:00",23.869,2066.7
"1003","Greenhouse",261,"11:00:00",20.615,398.3
"1004","Greenhouse",261,"12:00:00",21.473,688.9
"1005","Greenhouse",261,"13:00:00",23.1,1722.2
"1006","Greenhouse",261,"14:00:00",20.424,75.3
"1007","Greenhouse",261,"15:00:00",21.664,53.8
"1008","Greenhouse",261,"16:00:00",22.142,21.5
"1009","Greenhouse",261,"17:00:00",22.046,53.8
"1010","Greenhouse",261,"18:00:00",22.238,107.6
"1011","Greenhouse",261,"19:00:00",22.525,0
"1012","Greenhouse",261,"20:00:00",22.238,0
"1013","Greenhouse",261,"21:00:00",22.429,0
"1014","Greenhouse",261,"22:00:00",23.292,0
"1015","Greenhouse",261,"23:00:00",22.717,0
"1016","Greenhouse",262,"00:00:00",22.238,0
"1017","Greenhouse",262,"01:00:00",23.292,0
"1018","Greenhouse",262,"02:00:00",23.292,0
"1019","Greenhouse",262,"03:00:00",22.429,0
"1020","Greenhouse",262,"04:00:00",22.046,0
"1021","Greenhouse",262,"05:00:00",22.429,0
"1022","Greenhouse",262,"06:00:00",22.621,0
"1023","Greenhouse",262,"07:00:00",21.951,0
"1024","Greenhouse",262,"08:00:00",23.292,53.8
"1025","Greenhouse",262,"09:00:00",23.773,236.8
"1026","Greenhouse",262,"10:00:00",23.581,1162.5
"1027","Greenhouse",262,"11:00:00",23.869,775
"1028","Greenhouse",262,"12:00:00",23.196,753.5
"1029","Greenhouse",262,"13:00:00",23.869,366
"1030","Greenhouse",262,"14:00:00",22.908,258.3
"1031","Greenhouse",262,"15:00:00",23.581,968.8
"1032","Greenhouse",262,"16:00:00",23.388,2669.5
"1033","Greenhouse",262,"17:00:00",23.004,1044.1
"1034","Greenhouse",262,"18:00:00",23.1,441.3
"1035","Greenhouse",262,"19:00:00",22.812,10.8
"1036","Greenhouse",262,"20:00:00",22.621,0
"1037","Greenhouse",262,"21:00:00",22.142,0
"1038","Greenhouse",262,"22:00:00",22.238,0
"1039","Greenhouse",262,"23:00:00",22.429,0
"1040","Greenhouse",263,"00:00:00",22.717,0
"1041","Greenhouse",263,"01:00:00",23.1,0
"1042","Greenhouse",263,"02:00:00",23.292,0
"1043","Greenhouse",263,"03:00:00",23.581,0
"1044","Greenhouse",263,"04:00:00",22.812,0
"1045","Greenhouse",263,"05:00:00",22.333,0
"1046","Greenhouse",263,"06:00:00",22.429,0
"1047","Greenhouse",263,"07:00:00",23.004,107.6
"1048","Greenhouse",263,"08:00:00",23.292,247.6
"1049","Greenhouse",263,"09:00:00",23.484,538.2
"1050","Greenhouse",263,"10:00:00",24.351,1194.8
"1051","Greenhouse",263,"11:00:00",23.004,1194.8
"1052","Greenhouse",263,"12:00:00",23.1,1463.9
"1053","Greenhouse",263,"13:00:00",25.416,6200
"1054","Greenhouse",263,"14:00:00",24.062,1894.5
"1055","Greenhouse",263,"15:00:00",23.292,1980.6
"1056","Greenhouse",263,"16:00:00",23.388,1980.6
"1057","Greenhouse",263,"17:00:00",23.292,947.2
"1058","Greenhouse",263,"18:00:00",23.484,226
"1059","Greenhouse",263,"19:00:00",22.525,10.8
"1060","Greenhouse",263,"20:00:00",22.812,0
"1061","Greenhouse",263,"21:00:00",23.004,0
"1062","Greenhouse",263,"22:00:00",23.004,0
"1063","Greenhouse",263,"23:00:00",22.717,0
"1064","Greenhouse",264,"00:00:00",22.812,0
"1065","Greenhouse",264,"01:00:00",23.1,0
"1066","Greenhouse",264,"02:00:00",23.196,0
"1067","Greenhouse",264,"03:00:00",23.581,0
"1068","Greenhouse",264,"04:00:00",23.484,0
"1069","Greenhouse",264,"05:00:00",23.677,0
"1070","Greenhouse",264,"06:00:00",23.581,0
"1071","Greenhouse",264,"07:00:00",23.484,75.3
"1072","Greenhouse",264,"08:00:00",23.677,699.7
"1073","Greenhouse",264,"09:00:00",24.062,2583.4
"1074","Greenhouse",264,"10:00:00",24.351,3616.7
"1075","Greenhouse",264,"11:00:00",25.125,3444.5
"1076","Greenhouse",264,"12:00:00",22.812,699.7
"1077","Greenhouse",264,"13:00:00",23.388,0
"1078","Greenhouse",264,"14:00:00",22.717,0
"1079","Greenhouse",264,"15:00:00",23.869,21.5
"1080","Greenhouse",264,"16:00:00",21.282,0
"1081","Greenhouse",264,"17:00:00",20.901,0
"1082","Greenhouse",264,"18:00:00",21.282,32.3
"1083","Greenhouse",264,"19:00:00",21.378,0
"1084","Greenhouse",264,"20:00:00",21.378,21.5
"1085","Greenhouse",264,"21:00:00",21.951,21.5
"1086","Greenhouse",264,"22:00:00",21.951,21.5
"1087","Greenhouse",264,"23:00:00",21.664,0
"1088","Greenhouse",265,"00:00:00",21.76,0
"1089","Greenhouse",265,"01:00:00",21.855,0
"1090","Greenhouse",265,"02:00:00",21.76,0
"1091","Greenhouse",265,"03:00:00",21.76,0
"1092","Greenhouse",265,"04:00:00",21.664,0
"1093","Greenhouse",265,"05:00:00",21.569,0
"1094","Greenhouse",265,"06:00:00",21.473,0
"1095","Greenhouse",265,"07:00:00",21.378,21.5
"1096","Greenhouse",265,"08:00:00",21.378,32.3
"1097","Greenhouse",265,"09:00:00",21.282,118.4
"1098","Greenhouse",265,"10:00:00",20.901,64.6
"1099","Greenhouse",265,"11:00:00",20.519,139.9
"1100","Greenhouse",265,"12:00:00",20.901,129.2
