"","Plant","ExpLoc","ID","Site","Couple","Sex","Cohort","NumButterflies","EnclCol","EnclID","FlowerHeads","EmergDate","DateWeighed","TrialDay","Weight","OrigWeight","Feeding","Notes","ForewingLength","ForewingDamage","SurfaceArea","TotalSA","AlphPlant"
"1","BudDav","GH","Jacob5",NA,"Jacob","M","A",1,"Black",NA,5,239,240,1,0.4382,0.512,"N","",47,"N",10561.4323627769,52807.1618138847,"2_BudDav"
"2","BudDav","GH","Jacob5",NA,"Jacob","M","A",1,"Black",NA,5,239,246,7,0.3193,0.512,"N","",47,"N",10561.4323627769,52807.1618138847,"2_BudDav"
"3","BudDav","GH","VH24","VH",NA,"F","A",1,"Black",NA,27,251,256,5,0.4484,NA,"","",50,"N",10561.4323627769,285158.673794978,"2_BudDav"
"4","BudDav","GH","Jacob5",NA,"Jacob","M","A",1,"Black",NA,5,239,244,5,0.3633,0.512,"N","",47,"N",10561.4323627769,52807.1618138847,"2_BudDav"
"5","BudDav","GH","TWA46",NA,"TWA","M","A",1,"Black",NA,20,234,239,5,0.4146,0.7234,"Y","",50,"N",10561.4323627769,211228.647255539,"2_BudDav"
"6","BudDav","GH","PCD41",NA,"PCD","F","A",1,"Black",NA,15,234,239,5,0.4254,0.6469,"Y","",52,"N",10561.4323627769,158421.485441654,"2_BudDav"
"7","BudDav","GH","TWA46",NA,"TWA","M","A",1,"Black",NA,20,234,241,7,0.4203,0.7234,"Y","",50,"N",10561.4323627769,211228.647255539,"2_BudDav"
"8","BudDav","GH","PCD41",NA,"PCD","F","A",1,"Black",NA,15,234,234,0,0.6469,0.6469,"Y","",52,"N",10561.4323627769,158421.485441654,"2_BudDav"
"9","BudDav","GH","PCD41",NA,"PCD","F","A",1,"Black",NA,15,234,241,7,0.4028,0.6469,"Y","",52,"N",10561.4323627769,158421.485441654,"2_BudDav"
"10","BudDav","GH","PCD78",NA,"PCD","F","A",1,"Black",NA,14,234,234,0,0.6128,0.6128,"Y","",48,"N",10561.4323627769,147860.053078877,"2_BudDav"
"11","BudDav","GH","Jacob12",NA,"Jacob","M","A",1,"White",NA,4,235,240,5,0.3991,0.6428,"Y","",49,"N",10561.4323627769,42245.7294511078,"2_BudDav"
"12","BudDav","GH","TWA46",NA,"TWA","M","A",1,"Black",NA,20,234,234,0,0.7234,0.7234,"Y","",50,"N",10561.4323627769,211228.647255539,"2_BudDav"
"13","BudDav","GH","Jacob5",NA,"Jacob","M","A",1,"Black",NA,5,239,239,0,0.512,0.512,"N","",47,"N",10561.4323627769,52807.1618138847,"2_BudDav"
"14","BudDav","GH","PCD78",NA,"PCD","F","A",1,"Black",NA,14,234,241,7,0.2789,0.6128,"Y","",48,"N",10561.4323627769,147860.053078877,"2_BudDav"
"15","BudDav","GH","Jacob12",NA,"Jacob","M","A",1,"White",NA,4,235,235,0,0.6428,0.6428,"Y","",49,"N",10561.4323627769,42245.7294511078,"2_BudDav"
"16","BudDav","GH","VH24","VH",NA,"F","A",1,"Black",NA,27,251,251,0,NA,NA,"","",50,"N",10561.4323627769,285158.673794978,"2_BudDav"
"17","BudDav","GH","VH24","VH",NA,"F","A",1,"Black",NA,27,251,252,1,0.4874,NA,"","",50,"N",10561.4323627769,285158.673794978,"2_BudDav"
"18","BudDav","GH","PCD78",NA,"PCD","F","A",1,"Black",NA,14,234,239,5,0.345,0.6128,"Y","",48,"N",10561.4323627769,147860.053078877,"2_BudDav"
"19","BudDav","GH","Jacob12",NA,"Jacob","M","A",1,"White",NA,4,235,242,7,0.374,0.6428,"Y","",49,"N",10561.4323627769,42245.7294511078,"2_BudDav"
"20","BudDav","GH","VH24","VH",NA,"F","A",1,"Black",NA,27,251,258,7,NA,NA,"","",50,"N",10561.4323627769,285158.673794978,"2_BudDav"
"21","EchPur","GH","TWA83",NA,"TWA","M","A",1,"Black",NA,13,238,245,7,0.4934,0.5807,"Y","",51,"N",13822.6045047379,179693.858561592,"4_EchPur"
"22","EchPur","GH","TWA83",NA,"TWA","M","A",1,"Black",NA,13,238,238,0,0.5807,0.5807,"Y","",51,"N",13822.6045047379,179693.858561592,"4_EchPur"
"23","EchPur","GH","Unknown1",NA,NA,"M","B",1,"Black",NA,13,253,254,1,0.3984,0.4546,"N","",NA,NA,13822.6045047379,179693.858561592,"4_EchPur"
"24","EchPur","GH","Jacob7",NA,"Jacob","F","A",1,"Black",NA,20,240,241,1,0.4956,0.5887,"Y","",50,"N",13822.6045047379,276452.090094758,"4_EchPur"
"25","EchPur","GH","MVD50",NA,"MVD","M","A",1,"Black",NA,13,238,238,0,0.4965,0.4965,"Y","",46,"N",13822.6045047379,179693.858561592,"4_EchPur"
"26","EchPur","GH","Jacob7",NA,"Jacob","F","A",1,"Black",NA,20,240,240,0,0.5887,0.5887,"Y","",50,"N",13822.6045047379,276452.090094758,"4_EchPur"
"27","EchPur","GH","TWA83",NA,"TWA","M","A",1,"Black",NA,13,238,243,5,0.5086,0.5807,"Y","",51,"N",13822.6045047379,179693.858561592,"4_EchPur"
"28","EchPur","GH","TWA14",NA,"TWA","M","A",1,"Black",NA,12,238,243,5,0.2577,0.4753,"N","",44,"N",13822.6045047379,165871.254056855,"4_EchPur"
"29","EchPur","GH","MVD50",NA,"MVD","M","A",1,"Black",NA,13,238,239,1,0.4234,0.4965,"Y","",46,"N",13822.6045047379,179693.858561592,"4_EchPur"
"30","EchPur","GH","Jacob13",NA,"Jacob","M","A",1,"Black",NA,15,237,244,7,0.502,0.7614,"Y","",50,"N",13822.6045047379,207339.067571068,"4_EchPur"
"31","EchPur","GH","MVD50",NA,"MVD","M","A",1,"Black",NA,13,238,245,7,0.4352,0.4965,"Y","",46,"N",13822.6045047379,179693.858561592,"4_EchPur"
"32","EchPur","GH","VH13","VH",NA,"F","A",1,"White",NA,16,240,245,5,0.4352,0.6416,"N","",51,"N",13822.6045047379,221161.672075806,"4_EchPur"
"33","EchPur","GH","Unknown1",NA,NA,"M","B",1,"Black",NA,13,253,258,5,NA,0.4546,"N","",NA,NA,13822.6045047379,179693.858561592,"4_EchPur"
"34","EchPur","GH","Unknown1",NA,NA,"M","B",1,"Black",NA,13,253,253,0,0.4546,0.4546,"N","",NA,NA,13822.6045047379,179693.858561592,"4_EchPur"
"35","EchPur","GH","VH25","VH",NA,"M","B",1,"Black",NA,15,244,251,7,0.4769,0.5938,"N","",48,"N",13822.6045047379,207339.067571068,"4_EchPur"
"36","EchPur","GH","Jacob13",NA,"Jacob","M","A",1,"Black",NA,15,237,237,0,0.7614,0.7614,"Y","",50,"N",13822.6045047379,207339.067571068,"4_EchPur"
"37","EchPur","GH","Jacob13",NA,"Jacob","M","A",1,"Black",NA,15,237,238,1,0.6443,0.7614,"Y","",50,"N",13822.6045047379,207339.067571068,"4_EchPur"
"38","EchPur","GH","TWA14",NA,"TWA","M","A",1,"Black",NA,12,238,245,7,0.2268,0.4753,"N","",44,"N",13822.6045047379,165871.254056855,"4_EchPur"
"39","EchPur","GH","Jacob7",NA,"Jacob","F","A",1,"Black",NA,20,240,247,7,0.4656,0.5887,"Y","",50,"N",13822.6045047379,276452.090094758,"4_EchPur"
"40","EchPur","GH","TWA83",NA,"TWA","M","A",1,"Black",NA,13,238,239,1,0.5258,0.5807,"Y","",51,"N",13822.6045047379,179693.858561592,"4_EchPur"
"41","EchPur","GH","VH13","VH",NA,"F","A",1,"White",NA,16,240,241,1,0.5293,0.6416,"N","",51,"N",13822.6045047379,221161.672075806,"4_EchPur"
"42","EchPur","GH","PCD44",NA,"PCD","F","A",1,"White",NA,14,237,238,1,0.4567,0.5291,"Y","",48,"Y",13822.6045047379,193516.46306633,"4_EchPur"
"43","EchPur","GH","MVD50",NA,"MVD","M","A",1,"Black",NA,13,238,243,5,0.4096,0.4965,"Y","",46,"N",13822.6045047379,179693.858561592,"4_EchPur"
"44","EchPur","GH","PCD44",NA,"PCD","F","A",1,"White",NA,14,237,242,5,0.4287,0.5291,"Y","",48,"Y",13822.6045047379,193516.46306633,"4_EchPur"
"45","EchPur","GH","PCD44",NA,"PCD","F","A",1,"White",NA,14,237,244,7,0.4005,0.5291,"Y","",48,"Y",13822.6045047379,193516.46306633,"4_EchPur"
"46","EchPur","GH","PCD4",NA,"PCD","M","A",1,"Black",NA,11,238,239,1,0.4796,0.5061,"Y","",47,"N",13822.6045047379,152048.649552117,"4_EchPur"
"47","EchPur","GH","VH25","VH",NA,"M","B",1,"Black",NA,15,244,244,0,0.5938,0.5938,"N","",48,"N",13822.6045047379,207339.067571068,"4_EchPur"
"48","EchPur","GH","VH25","VH",NA,"M","B",1,"Black",NA,15,244,249,5,0.4626,0.5938,"N","",48,"N",13822.6045047379,207339.067571068,"4_EchPur"
"49","EchPur","GH","PCD4",NA,"PCD","M","A",1,"Black",NA,11,238,238,0,0.5061,0.5061,"Y","",47,"N",13822.6045047379,152048.649552117,"4_EchPur"
"50","EchPur","GH","PCD44",NA,"PCD","F","A",1,"White",NA,14,237,237,0,0.5291,0.5291,"Y","",48,"Y",13822.6045047379,193516.46306633,"4_EchPur"
"51","EchPur","GH","Jacob7",NA,"Jacob","F","A",1,"Black",NA,20,240,245,5,0.459,0.5887,"Y","",50,"N",13822.6045047379,276452.090094758,"4_EchPur"
"52","EchPur","GH","Jacob13",NA,"Jacob","M","A",1,"Black",NA,15,237,242,5,0.5537,0.7614,"Y","",50,"N",13822.6045047379,207339.067571068,"4_EchPur"
"53","EchPur","GH","PCD4",NA,"PCD","M","A",1,"Black",NA,11,238,245,7,0.3874,0.5061,"Y","",47,"N",13822.6045047379,152048.649552117,"4_EchPur"
"54","EchPur","GH","MVD77",NA,"MVD","M","A",1,"Black",NA,12,237,237,0,0.5447,0.5447,"Y","",48,"N",13822.6045047379,165871.254056855,"4_EchPur"
"55","EchPur","GH","Unknown1",NA,NA,"M","B",1,"Black",NA,13,253,256,3,0.3822,0.4546,"N","",NA,NA,13822.6045047379,179693.858561592,"4_EchPur"
"56","EchPur","GH","VH13","VH",NA,"F","A",1,"White",NA,16,240,247,7,0.4766,0.6416,"N","",51,"N",13822.6045047379,221161.672075806,"4_EchPur"
"57","EchPur","GH","Unknown1",NA,NA,"M","B",1,"Black",NA,13,253,260,7,NA,0.4546,"N","",NA,NA,13822.6045047379,179693.858561592,"4_EchPur"
"58","EchPur","GH","PCD4",NA,"PCD","M","A",1,"Black",NA,11,238,243,5,0.4766,0.5061,"Y","",47,"N",13822.6045047379,152048.649552117,"4_EchPur"
"59","EchPur","GH","VH25","VH",NA,"M","B",1,"Black",NA,15,244,254,10,0.5302,0.5938,"N","",48,"N",13822.6045047379,207339.067571068,"4_EchPur"
"60","EchPur","GH","TWA14",NA,"TWA","M","A",1,"Black",NA,12,238,239,1,0.3709,0.4753,"N","",44,"N",13822.6045047379,165871.254056855,"4_EchPur"
"61","EchPur","GH","MVD77",NA,"MVD","M","A",1,"Black",NA,12,237,244,7,0.4651,0.5447,"Y","",48,"N",13822.6045047379,165871.254056855,"4_EchPur"
"62","EchPur","GH","VH13","VH",NA,"F","A",1,"White",NA,16,240,240,0,0.6416,0.6416,"N","",51,"N",13822.6045047379,221161.672075806,"4_EchPur"
"63","EchPur","GH","VH25","VH",NA,"M","B",1,"Black",NA,15,244,245,1,0.5108,0.5938,"N","",48,"N",13822.6045047379,207339.067571068,"4_EchPur"
"64","EchPur","GH","MVD77",NA,"MVD","M","A",1,"Black",NA,12,237,242,5,0.5044,0.5447,"Y","",48,"N",13822.6045047379,165871.254056855,"4_EchPur"
"65","EchPur","GH","TWA14",NA,"TWA","M","A",1,"Black",NA,12,238,238,0,0.4753,0.4753,"N","",44,"N",13822.6045047379,165871.254056855,"4_EchPur"
"66","EchPur","GH","MVD77",NA,"MVD","M","A",1,"Black",NA,12,237,238,1,0.4927,0.5447,"Y","",48,"N",13822.6045047379,165871.254056855,"4_EchPur"
"67","EutMac","Field","MVD2",NA,"MVD","F","AF",2,"FBlack","JPB",12,238,238,0,0.5062,0.5062,"N","",49,"N",525043.384620175,6300520.61544209,"7_EutMac"
"68","EutMac","Field","VH17","VH",NA,"F","BF",1,"FBlack","JPC",14,246,251,5,0.4068,0.5321,"N","",48,"N",525043.384620175,7350607.38468244,"7_EutMac"
"69","EutMac","Field","VH10","VH",NA,"F","BF",2,"FBlack","JPA",14,244,251,7,0.4625,0.5959,"N","",51,"N",525043.384620175,7350607.38468244,"7_EutMac"
"70","EutMac","Field","VH21","VH",NA,"M","BF",1,"FBlack","JPB",NA,246,247,1,0.51,0.5852,"N","",49,"N",525043.384620175,NA,"7_EutMac"
"71","EutMac","Field","VH10","VH",NA,"F","BF",2,"FBlack","JPA",14,244,249,5,0.4832,0.5959,"N","",51,"N",525043.384620175,7350607.38468244,"7_EutMac"
"72","EutMac","Field","VH20","VH",NA,"F","BF",2,"FBlack","JPA",14,244,249,5,0.46,0.5953,"N","",45,"N",525043.384620175,7350607.38468244,"7_EutMac"
"73","EutMac","Field","VH10","VH",NA,"F","BF",2,"FBlack","JPA",14,244,254,10,0.3888,0.5959,"N","",51,"N",525043.384620175,7350607.38468244,"7_EutMac"
"74","EutMac","Field","VH21","VH",NA,"M","BF",1,"FBlack","JPB",NA,246,246,0,0.5852,0.5852,"N","",49,"N",525043.384620175,NA,"7_EutMac"
"75","EutMac","Field","MVD10",NA,"MVD","F","AF",2,"FBlack","JPA",13,237,238,1,0.4375,0.4991,"N","",47,"N",525043.384620175,6825564.00006227,"7_EutMac"
"76","EutMac","Field","TWA1",NA,"TWA","F","AF",2,"FBlack","JPC",10,239,239,0,0.5292,0.5292,"N","",46,"N",525043.384620175,5250433.84620175,"7_EutMac"
"77","EutMac","Field","VH21","VH",NA,"M","BF",1,"FBlack","JPB",NA,246,253,7,0.3737,0.5852,"N","",49,"N",525043.384620175,NA,"7_EutMac"
"78","EutMac","Field","Jacob9",NA,"Jacob","F","AF",2,"FBlack","JPC",10,239,246,7,0.2792,0.4325,"Y","",44,"N",525043.384620175,5250433.84620175,"7_EutMac"
"79","EutMac","Field","VH10","VH",NA,"F","BF",2,"FBlack","JPA",14,244,245,1,0.5521,0.5959,"N","",51,"N",525043.384620175,7350607.38468244,"7_EutMac"
"80","EutMac","Field","VH17","VH",NA,"F","BF",1,"FBlack","JPC",14,246,247,1,0.4712,0.5321,"N","",48,"N",525043.384620175,7350607.38468244,"7_EutMac"
"81","EutMac","Field","VH21","VH",NA,"M","BF",1,"FBlack","JPB",NA,246,251,5,0.4154,0.5852,"N","",49,"N",525043.384620175,NA,"7_EutMac"
"82","EutMac","Field","VH17","VH",NA,"F","BF",1,"FBlack","JPC",14,246,253,7,0.3795,0.5321,"N","",48,"N",525043.384620175,7350607.38468244,"7_EutMac"
"83","EutMac","Field","MVD2",NA,"MVD","F","AF",2,"FBlack","JPB",12,238,239,1,0.4325,0.5062,"N","",49,"N",525043.384620175,6300520.61544209,"7_EutMac"
"84","EutMac","Field","MVD2",NA,"MVD","F","AF",2,"FBlack","JPB",12,238,243,5,0.3934,0.5062,"N","",49,"N",525043.384620175,6300520.61544209,"7_EutMac"
"85","EutMac","Field","TWA17",NA,"TWA","F","AF",2,"FBlack","JPA",13,237,237,0,0.4956,0.4956,"N","",46,"N",525043.384620175,6825564.00006227,"7_EutMac"
"86","EutMac","Field","MVD2",NA,"MVD","F","AF",2,"FBlack","JPB",12,238,245,7,0.3763,0.5062,"N","",49,"N",525043.384620175,6300520.61544209,"7_EutMac"
"87","EutMac","Field","Jacob9",NA,"Jacob","F","AF",2,"FBlack","JPC",10,239,244,5,0.3171,0.4325,"Y","",44,"N",525043.384620175,5250433.84620175,"7_EutMac"
"88","EutMac","Field","MVD10",NA,"MVD","F","AF",2,"FBlack","JPA",13,237,237,0,0.4991,0.4991,"N","",47,"N",525043.384620175,6825564.00006227,"7_EutMac"
"89","EutMac","Field","VH20","VH",NA,"F","BF",2,"FBlack","JPA",14,244,245,1,0.5536,0.5953,"N","",45,"N",525043.384620175,7350607.38468244,"7_EutMac"
"90","EutMac","Field","MVD10",NA,"MVD","F","AF",2,"FBlack","JPA",13,237,242,5,0.4761,0.4991,"N","",47,"N",525043.384620175,6825564.00006227,"7_EutMac"
"91","EutMac","Field","VH10","VH",NA,"F","BF",2,"FBlack","JPA",14,244,244,0,0.5959,0.5959,"N","",51,"N",525043.384620175,7350607.38468244,"7_EutMac"
"92","EutMac","Field","VH20","VH",NA,"F","BF",2,"FBlack","JPA",14,244,244,0,0.5953,0.5953,"N","",45,"N",525043.384620175,7350607.38468244,"7_EutMac"
"93","EutMac","Field","TWA17",NA,"TWA","F","AF",2,"FBlack","JPA",13,237,244,7,0.3761,0.4956,"N","",46,"N",525043.384620175,6825564.00006227,"7_EutMac"
"94","EutMac","Field","Jacob9",NA,"Jacob","F","AF",2,"FBlack","JPC",10,239,239,0,0.4325,0.4325,"Y","",44,"N",525043.384620175,5250433.84620175,"7_EutMac"
"95","EutMac","Field","VH20","VH",NA,"F","BF",2,"FBlack","JPA",14,244,251,7,0.45,0.5953,"N","",45,"N",525043.384620175,7350607.38468244,"7_EutMac"
"96","EutMac","Field","VH20","VH",NA,"F","BF",2,"FBlack","JPA",14,244,254,10,0.3905,0.5953,"N","",45,"N",525043.384620175,7350607.38468244,"7_EutMac"
"97","EutMac","Field","TWA1",NA,"TWA","F","AF",2,"FBlack","JPC",10,239,240,1,0.4494,0.5292,"N","",46,"N",525043.384620175,5250433.84620175,"7_EutMac"
"98","EutMac","Field","VH1","VH",NA,"F","AF",2,"FBlack","JPB",12,238,238,0,0.5273,0.5273,"N","",48,"N",525043.384620175,6300520.61544209,"7_EutMac"
"99","EutMac","Field","Jacob9",NA,"Jacob","F","AF",2,"FBlack","JPC",10,239,240,1,0.3753,0.4325,"Y","",44,"N",525043.384620175,5250433.84620175,"7_EutMac"
"100","EutMac","Field","MVD10",NA,"MVD","F","AF",2,"FBlack","JPA",13,237,244,7,0.4671,0.4991,"N","",47,"N",525043.384620175,6825564.00006227,"7_EutMac"
"101","EutMac","Field","VH1","VH",NA,"F","AF",2,"FBlack","JPB",12,238,243,5,0.4048,0.5273,"N","",48,"N",525043.384620175,6300520.61544209,"7_EutMac"
"102","EutMac","Field","VH17","VH",NA,"F","BF",1,"FBlack","JPC",14,246,246,0,0.5321,0.5321,"N","",48,"N",525043.384620175,7350607.38468244,"7_EutMac"
"103","EutMac","Field","VH1","VH",NA,"F","AF",2,"FBlack","JPB",12,238,239,1,0.4504,0.5273,"N","",48,"N",525043.384620175,6300520.61544209,"7_EutMac"
"104","EutMac","Field","TWA1",NA,"TWA","F","AF",2,"FBlack","JPC",10,239,246,7,0.3866,0.5292,"N","",46,"N",525043.384620175,5250433.84620175,"7_EutMac"
"105","EutMac","Field","VH1","VH",NA,"F","AF",2,"FBlack","JPB",12,238,245,7,0.3865,0.5273,"N","",48,"N",525043.384620175,6300520.61544209,"7_EutMac"
"106","EutMac","Field","TWA1",NA,"TWA","F","AF",2,"FBlack","JPC",10,239,244,5,0.3787,0.5292,"N","",46,"N",525043.384620175,5250433.84620175,"7_EutMac"
"107","EutMac","Field","TWA17",NA,"TWA","F","AF",2,"FBlack","JPA",13,237,238,1,0.4116,0.4956,"N","",46,"N",525043.384620175,6825564.00006227,"7_EutMac"
"108","EutMac","Field","TWA17",NA,"TWA","F","AF",2,"FBlack","JPA",13,237,242,5,0.3959,0.4956,"N","",46,"N",525043.384620175,6825564.00006227,"7_EutMac"
"109","HelHel","GH","MVD4",NA,"MVD","F","A",1,"White",NA,20,235,242,7,0.3316,0.4989,"Y","Feeding days 6+7, D7 wing tip damaged",44,"N",6202.04058693124,124040.811738625,"6_HelHel"
"110","HelHel","GH","TWA21",NA,"TWA","F","A",1,"Black",NA,12,235,235,0,0.4702,0.4702,"Y","Feeding days 6+7",46,"N",6202.04058693124,74424.4870431749,"6_HelHel"
"111","HelHel","GH","MVD4",NA,"MVD","F","A",1,"White",NA,20,235,235,0,0.4989,0.4989,"Y","Feeding days 6+7, D7 wing tip damaged",44,"N",6202.04058693124,124040.811738625,"6_HelHel"
"112","HelHel","GH","PCD55",NA,"PCD","F","A",1,"Black",NA,20,235,240,5,0.3795,0.5427,"Y","Feeding days 5+6",46,"N",6202.04058693124,124040.811738625,"6_HelHel"
"113","HelHel","GH","PCD55",NA,"PCD","F","A",1,"Black",NA,20,235,235,0,0.5427,0.5427,"Y","Feeding days 5+6",46,"N",6202.04058693124,124040.811738625,"6_HelHel"
"114","HelHel","GH","MVD4",NA,"MVD","F","A",1,"White",NA,20,235,240,5,0.2606,0.4989,"Y","Feeding days 6+7, D7 wing tip damaged",44,"N",6202.04058693124,124040.811738625,"6_HelHel"
"115","HelHel","GH","PCD55",NA,"PCD","F","A",1,"Black",NA,20,235,242,7,0.343,0.5427,"Y","Feeding days 5+6",46,"N",6202.04058693124,124040.811738625,"6_HelHel"
"116","HelHel","GH","VH5","VH",NA,"F","B",1,"White",NA,31,243,243,0,0.6431,0.6431,"N","",51,"N",6202.04058693124,192263.258194868,"6_HelHel"
"117","HelHel","GH","VH5","VH",NA,"F","B",1,"White",NA,31,243,250,7,0.3329,0.6431,"N","",51,"N",6202.04058693124,192263.258194868,"6_HelHel"
"118","HelHel","GH","VH12","VH",NA,"F","B",1,"Black",NA,30,241,248,7,0.3186,0.5895,"N","",48,"N",6202.04058693124,186061.217607937,"6_HelHel"
"119","HelHel","GH","VH12","VH",NA,"F","B",1,"Black",NA,30,241,241,0,0.5895,0.5895,"N","",48,"N",6202.04058693124,186061.217607937,"6_HelHel"
"120","HelHel","GH","VH5","VH",NA,"F","B",1,"White",NA,31,243,248,5,0.3952,0.6431,"N","",51,"N",6202.04058693124,192263.258194868,"6_HelHel"
"121","HelHel","GH","PCD52",NA,"PCD","F","A",1,"Black",NA,17,234,239,5,0.2538,0.4322,"Y","Feeding day 2",43,"N",6202.04058693124,105434.689977831,"6_HelHel"
"122","HelHel","GH","MVD49",NA,"MVD","M","B",1,"Black",NA,41,241,246,5,0.3126,0.4925,"N","Found dying d7, forewing tattered significantly (major portion broken)",40,"N",6202.04058693124,254283.664064181,"6_HelHel"
"123","HelHel","GH","MVD49",NA,"MVD","M","B",1,"Black",NA,41,241,248,7,0.2615,0.4925,"N","Found dying d7, forewing tattered significantly (major portion broken)",40,"N",6202.04058693124,254283.664064181,"6_HelHel"
"124","HelHel","GH","VH5","VH",NA,"F","B",1,"White",NA,31,243,244,1,0.5376,0.6431,"N","",51,"N",6202.04058693124,192263.258194868,"6_HelHel"
"125","HelHel","GH","MVD49",NA,"MVD","M","B",1,"Black",NA,41,241,242,1,0.4215,0.4925,"N","Found dying d7, forewing tattered significantly (major portion broken)",40,"N",6202.04058693124,254283.664064181,"6_HelHel"
"126","HelHel","GH","VH16","VH",NA,"F","B",1,"Black",NA,20,242,242,0,0.5292,0.5292,"N","D5 Fed when placed on flowers, no natural feeding observed",48,"N",6202.04058693124,124040.811738625,"6_HelHel"
"127","HelHel","GH","PCD52",NA,"PCD","F","A",1,"Black",NA,17,234,234,0,0.4322,0.4322,"Y","Feeding day 2",43,"N",6202.04058693124,105434.689977831,"6_HelHel"
"128","HelHel","GH","VH16","VH",NA,"F","B",1,"Black",NA,20,242,243,1,0.4607,0.5292,"N","D5 Fed when placed on flowers, no natural feeding observed",48,"N",6202.04058693124,124040.811738625,"6_HelHel"
"129","HelHel","GH","VH23","VH",NA,"M","A",1,"Black",NA,20,234,241,7,0.3129,0.6247,"N","BUTTERFLY DEAD ON D7, weight is of dead butterfly, looked freshly dead ish",50,"N",6202.04058693124,124040.811738625,"6_HelHel"
"130","HelHel","GH","VH16","VH",NA,"F","B",1,"Black",NA,20,242,247,5,0.3149,0.5292,"N","D5 Fed when placed on flowers, no natural feeding observed",48,"N",6202.04058693124,124040.811738625,"6_HelHel"
"131","HelHel","GH","TWA21",NA,"TWA","F","A",1,"Black",NA,12,235,240,5,0.3008,0.4702,"Y","Feeding days 6+7",46,"N",6202.04058693124,74424.4870431749,"6_HelHel"
"132","HelHel","GH","TWA21",NA,"TWA","F","A",1,"Black",NA,12,235,242,7,0.297,0.4702,"Y","Feeding days 6+7",46,"N",6202.04058693124,74424.4870431749,"6_HelHel"
"133","HelHel","GH","MVD49",NA,"MVD","M","B",1,"Black",NA,41,241,241,0,0.4925,0.4925,"N","Found dying d7, forewing tattered significantly (major portion broken)",40,"N",6202.04058693124,254283.664064181,"6_HelHel"
"134","HelHel","GH","VH12","VH",NA,"F","B",1,"Black",NA,30,241,242,1,0.4892,0.5895,"N","",48,"N",6202.04058693124,186061.217607937,"6_HelHel"
"135","HelHel","GH","PCD52",NA,"PCD","F","A",1,"Black",NA,17,234,241,7,0.2998,0.4322,"Y","Feeding day 2",43,"N",6202.04058693124,105434.689977831,"6_HelHel"
"136","HelHel","GH","VH23","VH",NA,"M","A",1,"Black",NA,20,234,239,5,0.3588,0.6247,"N","BUTTERFLY DEAD ON D7, weight is of dead butterfly, looked freshly dead ish",50,"N",6202.04058693124,124040.811738625,"6_HelHel"
"137","HelHel","GH","VH12","VH",NA,"F","B",1,"Black",NA,30,241,246,5,0.3855,0.5895,"N","",48,"N",6202.04058693124,186061.217607937,"6_HelHel"
"138","HelHel","GH","VH23","VH",NA,"M","A",1,"Black",NA,20,234,234,0,0.6247,0.6247,"N","BUTTERFLY DEAD ON D7, weight is of dead butterfly, looked freshly dead ish",50,"N",6202.04058693124,124040.811738625,"6_HelHel"
"139","HelHel","GH","VH16","VH",NA,"F","B",1,"Black",NA,20,242,249,7,0.3236,0.5292,"N","D5 Fed when placed on flowers, no natural feeding observed",48,"N",6202.04058693124,124040.811738625,"6_HelHel"
"140","RudHir","GH","MVD29",NA,"MVD","F","A",1,"White",NA,19,235,240,5,0.2735,0.4621,"Y","",44,"Y",5752.76403953524,109302.51675117,"5_RudHir"
"141","RudHir","GH","TWA64",NA,"TWA","M","A",1,"Black",NA,21,234,239,5,0.4846,0.754,"","",53,"N",5752.76403953524,120808.04483024,"5_RudHir"
"142","RudHir","GH","MVD29",NA,"MVD","F","A",1,"White",NA,19,235,235,0,0.4621,0.4621,"Y","",44,"Y",5752.76403953524,109302.51675117,"5_RudHir"
"143","RudHir","GH","PCD82",NA,"PCD","F","A",1,"Black",NA,18,234,241,7,0.2526,0.4767,"N","",47,"N",5752.76403953524,103549.752711634,"5_RudHir"
"144","RudHir","GH","PCD77",NA,"PCD","F","A",1,"Black",NA,8,235,240,5,0.2972,0.4791,"Y","",47,"N",5752.76403953524,46022.1123162819,"5_RudHir"
"145","RudHir","GH","PCD82",NA,"PCD","F","A",1,"Black",NA,18,234,239,5,0.2866,0.4767,"N","",47,"N",5752.76403953524,103549.752711634,"5_RudHir"
"146","RudHir","GH","VH30","VH",NA,"M","A",1,"Black",NA,13,231,239,8,0.4655,0.6251,"","",55,"N",5752.76403953524,74785.9325139581,"5_RudHir"
"147","RudHir","GH","TWA64",NA,"TWA","M","A",1,"Black",NA,21,234,234,0,0.754,0.754,"","",53,"N",5752.76403953524,120808.04483024,"5_RudHir"
"148","RudHir","GH","TWA74",NA,"TWA","M","B",1,"Black",NA,13,240,240,0,0.5199,0.5199,"N","",47,"N",5752.76403953524,74785.9325139581,"5_RudHir"
"149","RudHir","GH","TWA74",NA,"TWA","M","B",1,"Black",NA,13,240,247,7,NA,0.5199,"N","",47,"N",5752.76403953524,74785.9325139581,"5_RudHir"
"150","RudHir","GH","TWA64",NA,"TWA","M","A",1,"Black",NA,21,234,241,7,0.4787,0.754,"","",53,"N",5752.76403953524,120808.04483024,"5_RudHir"
"151","RudHir","GH","TWA74",NA,"TWA","M","B",1,"Black",NA,13,240,241,1,0.409,0.5199,"N","",47,"N",5752.76403953524,74785.9325139581,"5_RudHir"
"152","RudHir","GH","VH30","VH",NA,"M","A",1,"Black",NA,13,231,232,1,0.6251,0.6251,"","",55,"N",5752.76403953524,74785.9325139581,"5_RudHir"
"153","RudHir","GH","MVD29",NA,"MVD","F","A",1,"White",NA,19,235,242,7,0.2594,0.4621,"Y","",44,"Y",5752.76403953524,109302.51675117,"5_RudHir"
"154","RudHir","GH","PCD82",NA,"PCD","F","A",1,"Black",NA,18,234,234,0,0.4767,0.4767,"N","",47,"N",5752.76403953524,103549.752711634,"5_RudHir"
"155","RudHir","GH","VH30","VH",NA,"M","A",1,"Black",NA,13,231,238,7,0.5169,0.6251,"","",55,"N",5752.76403953524,74785.9325139581,"5_RudHir"
"156","RudHir","GH","PCD77",NA,"PCD","F","A",1,"Black",NA,8,235,235,0,0.4791,0.4791,"Y","",47,"N",5752.76403953524,46022.1123162819,"5_RudHir"
"157","RudHir","GH","TWA74",NA,"TWA","M","B",1,"Black",NA,13,240,245,5,0.345,0.5199,"N","",47,"N",5752.76403953524,74785.9325139581,"5_RudHir"
"158","RudHir","GH","VH30","VH",NA,"M","A",1,"Black",NA,13,231,236,5,0.641,0.6251,"","",55,"N",5752.76403953524,74785.9325139581,"5_RudHir"
"159","RudHir","GH","PCD77",NA,"PCD","F","A",1,"Black",NA,8,235,242,7,0.2929,0.4791,"Y","",47,"N",5752.76403953524,46022.1123162819,"5_RudHir"
"160","SolAlt","Field","Jacob11",NA,"Jacob","F","AF",2,"FBlack","GRG",86,238,238,0,0.538,0.538,"N","",47,"N",95423.0592368788,8206383.09437157,"1_SolAlt"
"161","SolAlt","Field","Jacob11",NA,"Jacob","F","AF",2,"FBlack","GRG",86,238,239,1,0.4531,0.538,"N","",47,"N",95423.0592368788,8206383.09437157,"1_SolAlt"
"162","SolAlt","Field","TWA66",NA,"TWA","F","AF",1,"FBlack","GRD",27,237,244,7,0.3451,0.4631,"N","",46,"N",95423.0592368788,2576422.59939573,"1_SolAlt"
"163","SolAlt","Field","Jacob14",NA,"Jacob","M","AF",1,"FBrown","GRH",177,238,243,5,0.5413,0.6227,"N","",50,"N",95423.0592368788,16889881.4849275,"1_SolAlt"
"164","SolAlt","Field","Jacob8",NA,"Jacob","M","AF",1,"FBlack","GRB",57,238,243,5,0.4482,0.7329,"N","",49,"N",95423.0592368788,5439114.37650209,"1_SolAlt"
"165","SolAlt","Field","Jacob11",NA,"Jacob","F","AF",2,"FBlack","GRG",86,238,243,5,0.4453,0.538,"N","",47,"N",95423.0592368788,8206383.09437157,"1_SolAlt"
"166","SolAlt","Field","MVD6",NA,"MVD","F","AF",1,"FBrown","GRA",162,238,245,7,0.3776,0.498,"N","",47,"N",95423.0592368788,15458535.5963744,"1_SolAlt"
"167","SolAlt","Field","Jacob11",NA,"Jacob","F","AF",2,"FBlack","GRG",86,238,245,7,0.4207,0.538,"N","",47,"N",95423.0592368788,8206383.09437157,"1_SolAlt"
"168","SolAlt","Field","MVD6",NA,"MVD","F","AF",1,"FBrown","GRA",162,238,239,1,0.4209,0.498,"N","",47,"N",95423.0592368788,15458535.5963744,"1_SolAlt"
"169","SolAlt","Field","Jacob8",NA,"Jacob","M","AF",1,"FBlack","GRB",57,238,245,7,NA,0.7329,"N","",49,"N",95423.0592368788,5439114.37650209,"1_SolAlt"
"170","SolAlt","Field","VH27","VH",NA,"F","AF",2,"FBlack","GRG",86,238,238,0,0.6191,0.6191,"N","",51,"N",95423.0592368788,8206383.09437157,"1_SolAlt"
"171","SolAlt","Field","Jacob14",NA,"Jacob","M","AF",1,"FBrown","GRH",177,238,245,7,0.5101,0.6227,"N","",50,"N",95423.0592368788,16889881.4849275,"1_SolAlt"
"172","SolAlt","Field","VH14","VH",NA,"M","BF",1,"FBlack","GRD",36,244,245,1,0.5329,0.5665,"Y","",49,"N",95423.0592368788,3435230.13252764,"1_SolAlt"
"173","SolAlt","Field","MVD6",NA,"MVD","F","AF",1,"FBrown","GRA",162,238,243,5,0.4163,0.498,"N","",47,"N",95423.0592368788,15458535.5963744,"1_SolAlt"
"174","SolAlt","Field","VH14","VH",NA,"M","BF",1,"FBlack","GRD",36,244,251,7,0.4646,0.5665,"Y","",49,"N",95423.0592368788,3435230.13252764,"1_SolAlt"
"175","SolAlt","Field","VH14","VH",NA,"M","BF",1,"FBlack","GRD",36,244,254,10,0.4166,0.5665,"Y","",49,"N",95423.0592368788,3435230.13252764,"1_SolAlt"
"176","SolAlt","Field","TWA81",NA,"TWA","F","AF",2,"FBlack","GRF",116,238,238,0,0.6441,0.6441,"N","",46,"N",95423.0592368788,11069074.8714779,"1_SolAlt"
"177","SolAlt","Field","Jacob14",NA,"Jacob","M","AF",1,"FBrown","GRH",177,238,239,1,0.562,0.6227,"N","",50,"N",95423.0592368788,16889881.4849275,"1_SolAlt"
"178","SolAlt","Field","MVD24",NA,"MVD","F","AF",2,"FBlack","GRF",116,238,238,0,0.5294,0.5294,"N","",47,"N",95423.0592368788,11069074.8714779,"1_SolAlt"
"179","SolAlt","Field","TWA66",NA,"TWA","F","AF",1,"FBlack","GRD",27,237,238,1,0.3961,0.4631,"N","",46,"N",95423.0592368788,2576422.59939573,"1_SolAlt"
"180","SolAlt","Field","TWA66",NA,"TWA","F","AF",1,"FBlack","GRD",27,237,242,5,0.3214,0.4631,"N","",46,"N",95423.0592368788,2576422.59939573,"1_SolAlt"
"181","SolAlt","Field","MVD6",NA,"MVD","F","AF",1,"FBrown","GRA",162,238,238,0,0.498,0.498,"N","",47,"N",95423.0592368788,15458535.5963744,"1_SolAlt"
"182","SolAlt","Field","TWA66",NA,"TWA","F","AF",1,"FBlack","GRD",27,237,237,0,0.4631,0.4631,"N","",46,"N",95423.0592368788,2576422.59939573,"1_SolAlt"
"183","SolAlt","Field","MVD22",NA,"MVD","F","AF",2,"FBlack","GRE",50,239,239,0,0.5668,0.5668,"N","",49,"N",95423.0592368788,4771152.96184394,"1_SolAlt"
"184","SolAlt","Field","MVD22",NA,"MVD","F","AF",2,"FBlack","GRE",50,239,240,1,0.5239,0.5668,"N","",49,"N",95423.0592368788,4771152.96184394,"1_SolAlt"
"185","SolAlt","Field","VH14","VH",NA,"M","BF",1,"FBlack","GRD",36,244,244,0,0.5665,0.5665,"Y","",49,"N",95423.0592368788,3435230.13252764,"1_SolAlt"
"186","SolAlt","Field","Jacob6",NA,"Jacob","M","AF",1,"FBlack","GRC",45,237,237,0,0.6021,0.6021,"N","",44,"N",95423.0592368788,4294037.66565954,"1_SolAlt"
"187","SolAlt","Field","S476",NA,"S47","M","BF",1,"FBlack","GRG",19,247,247,0,0.7027,0.7027,"N","",53,"N",95423.0592368788,1813038.1255007,"1_SolAlt"
"188","SolAlt","Field","MVD24",NA,"MVD","F","AF",2,"FBlack","GRF",116,238,239,1,0.465,0.5294,"N","",47,"N",95423.0592368788,11069074.8714779,"1_SolAlt"
"189","SolAlt","Field","MVD22",NA,"MVD","F","AF",2,"FBlack","GRE",50,239,244,5,0.4571,0.5668,"N","",49,"N",95423.0592368788,4771152.96184394,"1_SolAlt"
"190","SolAlt","Field","MVD22",NA,"MVD","F","AF",2,"FBlack","GRE",50,239,246,7,0.433,0.5668,"N","",49,"N",95423.0592368788,4771152.96184394,"1_SolAlt"
"191","SolAlt","Field","Jacob14",NA,"Jacob","M","AF",1,"FBrown","GRH",177,238,238,0,0.6227,0.6227,"N","",50,"N",95423.0592368788,16889881.4849275,"1_SolAlt"
"192","SolAlt","Field","VH14","VH",NA,"M","BF",1,"FBlack","GRD",36,244,249,5,0.475,0.5665,"Y","",49,"N",95423.0592368788,3435230.13252764,"1_SolAlt"
"193","SolAlt","Field","TWA31",NA,"TWA","F","AF",2,"FBlack","GRE",50,239,240,1,0.4276,0.4694,"N","",47,"N",95423.0592368788,4771152.96184394,"1_SolAlt"
"194","SolAlt","Field","Jacob8",NA,"Jacob","M","AF",1,"FBlack","GRB",57,238,239,1,0.6511,0.7329,"N","",49,"N",95423.0592368788,5439114.37650209,"1_SolAlt"
"195","SolAlt","Field","VH27","VH",NA,"F","AF",2,"FBlack","GRG",86,238,243,5,0.5106,0.6191,"N","",51,"N",95423.0592368788,8206383.09437157,"1_SolAlt"
"196","SolAlt","Field","TWA81",NA,"TWA","F","AF",2,"FBlack","GRF",116,238,239,1,0.5445,0.6441,"N","",46,"N",95423.0592368788,11069074.8714779,"1_SolAlt"
"197","SolAlt","Field","TWA81",NA,"TWA","F","AF",2,"FBlack","GRF",116,238,243,5,0.5257,0.6441,"N","",46,"N",95423.0592368788,11069074.8714779,"1_SolAlt"
"198","SolAlt","Field","VH27","VH",NA,"F","AF",2,"FBlack","GRG",86,238,239,1,0.5321,0.6191,"N","",51,"N",95423.0592368788,8206383.09437157,"1_SolAlt"
"199","SolAlt","Field","TWA31",NA,"TWA","F","AF",2,"FBlack","GRE",50,239,246,7,0.3825,0.4694,"N","",47,"N",95423.0592368788,4771152.96184394,"1_SolAlt"
"200","SolAlt","Field","MVD24",NA,"MVD","F","AF",2,"FBlack","GRF",116,238,245,7,0.4335,0.5294,"N","",47,"N",95423.0592368788,11069074.8714779,"1_SolAlt"
"201","SolAlt","Field","TWA31",NA,"TWA","F","AF",2,"FBlack","GRE",50,239,239,0,0.4694,0.4694,"N","",47,"N",95423.0592368788,4771152.96184394,"1_SolAlt"
"202","SolAlt","Field","TWA31",NA,"TWA","F","AF",2,"FBlack","GRE",50,239,244,5,0.3586,0.4694,"N","",47,"N",95423.0592368788,4771152.96184394,"1_SolAlt"
"203","SolAlt","Field","Jacob8",NA,"Jacob","M","AF",1,"FBlack","GRB",57,238,238,0,0.7329,0.7329,"N","",49,"N",95423.0592368788,5439114.37650209,"1_SolAlt"
"204","SolAlt","Field","Jacob6",NA,"Jacob","M","AF",1,"FBlack","GRC",45,237,244,7,0.4347,0.6021,"N","",44,"N",95423.0592368788,4294037.66565954,"1_SolAlt"
"205","SolAlt","Field","VH19","VH",NA,"F","BF",1,"FBlack","GRC",29,244,249,5,0.4594,0.609,"N","",48,"Y",95423.0592368788,2767268.71786948,"1_SolAlt"
"206","SolAlt","Field","Jacob6",NA,"Jacob","M","AF",1,"FBlack","GRC",45,237,238,1,0.5218,0.6021,"N","",44,"N",95423.0592368788,4294037.66565954,"1_SolAlt"
"207","SolAlt","Field","Jacob6",NA,"Jacob","M","AF",1,"FBlack","GRC",45,237,242,5,0.4336,0.6021,"N","",44,"N",95423.0592368788,4294037.66565954,"1_SolAlt"
"208","SolAlt","Field","MVD24",NA,"MVD","F","AF",2,"FBlack","GRF",116,238,243,5,0.4493,0.5294,"N","",47,"N",95423.0592368788,11069074.8714779,"1_SolAlt"
"209","SolAlt","Field","S476",NA,"S47","M","BF",1,"FBlack","GRG",19,247,254,7,0.497,0.7027,"N","",53,"N",95423.0592368788,1813038.1255007,"1_SolAlt"
"210","SolAlt","Field","VH19","VH",NA,"F","BF",1,"FBlack","GRC",29,244,251,7,0.4384,0.609,"N","",48,"Y",95423.0592368788,2767268.71786948,"1_SolAlt"
"211","SolAlt","Field","VH19","VH",NA,"F","BF",1,"FBlack","GRC",29,244,254,10,0.3172,0.609,"N","",48,"Y",95423.0592368788,2767268.71786948,"1_SolAlt"
"212","SolAlt","Field","S476",NA,"S47","M","BF",1,"FBlack","GRG",19,247,248,1,0.6213,0.7027,"N","",53,"N",95423.0592368788,1813038.1255007,"1_SolAlt"
"213","SolAlt","Field","VH19","VH",NA,"F","BF",1,"FBlack","GRC",29,244,244,0,0.609,0.609,"N","",48,"Y",95423.0592368788,2767268.71786948,"1_SolAlt"
"214","SolAlt","Field","VH19","VH",NA,"F","BF",1,"FBlack","GRC",29,244,245,1,0.5699,0.609,"N","",48,"Y",95423.0592368788,2767268.71786948,"1_SolAlt"
"215","SolAlt","Field","VH27","VH",NA,"F","AF",2,"FBlack","GRG",86,238,245,7,0.4916,0.6191,"N","",51,"N",95423.0592368788,8206383.09437157,"1_SolAlt"
"216","SolAlt","Field","S476",NA,"S47","M","BF",1,"FBlack","GRG",19,247,252,5,0.5238,0.7027,"N","",53,"N",95423.0592368788,1813038.1255007,"1_SolAlt"
"217","SolAlt","Field","TWA81",NA,"TWA","F","AF",2,"FBlack","GRF",116,238,245,7,0.5053,0.6441,"N","",46,"N",95423.0592368788,11069074.8714779,"1_SolAlt"
"218","SolAlt","GH","MVD47",NA,"MVD","M","A",1,"Black",NA,7,237,238,1,0.5572,0.6668,"N","D3 broken/damaged forewing",50,"N",109062.65091608,763438.556412562,"1_SolAlt"
"219","SolAlt","GH","PCD90",NA,"PCD","M","A",1,"Black",NA,5,236,241,5,0.3765,0.5878,"Y","D4+D5 feeding; Newest method of counting just single flowering heads",46,"N",109062.65091608,545313.254580401,"1_SolAlt"
"220","SolAlt","GH","MVD71",NA,"MVD","M","A",1,"Black",NA,3,238,243,5,0.498,0.6685,"Y","Newest method; D3 + D4 feeding",48,"N",109062.65091608,327187.952748241,"1_SolAlt"
"221","SolAlt","GH","VH11","VH",NA,"M","B",1,"Black",NA,5,244,249,5,0.4484,0.6462,"N","",46,"Y",109062.65091608,545313.254580401,"1_SolAlt"
"222","SolAlt","GH","TWA60",NA,"TWA","F","A",1,"Black",NA,34,233,233,0,0.5399,0.5399,"Y","D7 feeding",48,"N",109062.65091608,3708130.13114673,"1_SolAlt"
"223","SolAlt","GH","TWA60",NA,"TWA","F","A",1,"Black",NA,34,233,240,7,0.4273,0.5399,"Y","D7 feeding",48,"N",109062.65091608,3708130.13114673,"1_SolAlt"
"224","SolAlt","GH","MVD65",NA,"MVD","F","A",1,"Black",NA,37,235,240,5,0.3527,0.5305,"Y","Feeding days 4 and 5, Method used to count flowers was not whole heads, counted branched heads as distinct ones",47,"N",109062.65091608,4035318.08389497,"1_SolAlt"
"225","SolAlt","GH","MVD71",NA,"MVD","M","A",1,"Black",NA,3,238,238,0,0.6685,0.6685,"Y","Newest method; D3 + D4 feeding",48,"N",109062.65091608,327187.952748241,"1_SolAlt"
"226","SolAlt","GH","MVD47",NA,"MVD","M","A",1,"Black",NA,7,237,242,5,0.5107,0.6668,"N","D3 broken/damaged forewing",50,"N",109062.65091608,763438.556412562,"1_SolAlt"
"227","SolAlt","GH","MVD71",NA,"MVD","M","A",1,"Black",NA,3,238,239,1,0.5691,0.6685,"Y","Newest method; D3 + D4 feeding",48,"N",109062.65091608,327187.952748241,"1_SolAlt"
"228","SolAlt","GH","VH18","VH",NA,"M","B",1,"Black",NA,6,241,242,1,0.4532,0.534,"N","",46,"N",109062.65091608,654375.905496482,"1_SolAlt"
"229","SolAlt","GH","MVD71",NA,"MVD","M","A",1,"Black",NA,3,238,245,7,0.482,0.6685,"Y","Newest method; D3 + D4 feeding",48,"N",109062.65091608,327187.952748241,"1_SolAlt"
"230","SolAlt","GH","TWA60",NA,"TWA","F","A",1,"Black",NA,34,233,238,5,0.3649,0.5399,"Y","D7 feeding",48,"N",109062.65091608,3708130.13114673,"1_SolAlt"
"231","SolAlt","GH","TWA38",NA,"TWA","M","A",1,"Black",NA,26,235,235,0,0.5391,0.5391,"Y","Feeding D2, D5, D7; D5 and D7 panicked weighing, cooled in fridge for weighing; Method used to count flowers was not whole heads, counted branched heads as distinct ones",48,"N",109062.65091608,2835628.92381809,"1_SolAlt"
"232","SolAlt","GH","MVD65",NA,"MVD","F","A",1,"Black",NA,37,235,235,0,0.5305,0.5305,"Y","Feeding days 4 and 5, Method used to count flowers was not whole heads, counted branched heads as distinct ones",47,"N",109062.65091608,4035318.08389497,"1_SolAlt"
"233","SolAlt","GH","MVD65",NA,"MVD","F","A",1,"Black",NA,37,235,242,7,0.3106,0.5305,"Y","Feeding days 4 and 5, Method used to count flowers was not whole heads, counted branched heads as distinct ones",47,"N",109062.65091608,4035318.08389497,"1_SolAlt"
"234","SolAlt","GH","TWA28",NA,"TWA","M","A",1,"White",NA,12,235,235,0,0.6449,0.6449,"N","D0 Observed on flowers but did not observe feeding",48,"N",109062.65091608,1308751.81099296,"1_SolAlt"
"235","SolAlt","GH","PCD90",NA,"PCD","M","A",1,"Black",NA,5,236,238,2,0.4627,0.5878,"Y","D4+D5 feeding; Newest method of counting just single flowering heads",46,"N",109062.65091608,545313.254580401,"1_SolAlt"
"236","SolAlt","GH","VH11","VH",NA,"M","B",1,"Black",NA,5,244,245,1,0.5466,0.6462,"N","",46,"Y",109062.65091608,545313.254580401,"1_SolAlt"
"237","SolAlt","GH","VH11","VH",NA,"M","B",1,"Black",NA,5,244,251,7,0.382,0.6462,"N","",46,"Y",109062.65091608,545313.254580401,"1_SolAlt"
"238","SolAlt","GH","TWA28",NA,"TWA","M","A",1,"White",NA,12,235,242,7,0.4396,0.6449,"N","D0 Observed on flowers but did not observe feeding",48,"N",109062.65091608,1308751.81099296,"1_SolAlt"
"239","SolAlt","GH","VH22","VH",NA,"F","A",1,"Black",NA,6,237,237,0,0.5724,0.5724,"Y","Feeding D11",48,"N",109062.65091608,654375.905496482,"1_SolAlt"
"240","SolAlt","GH","MVD47",NA,"MVD","M","A",1,"Black",NA,7,237,244,7,0.4757,0.6668,"N","D3 broken/damaged forewing",50,"N",109062.65091608,763438.556412562,"1_SolAlt"
"241","SolAlt","GH","MVD47",NA,"MVD","M","A",1,"Black",NA,7,237,237,0,0.6668,0.6668,"N","D3 broken/damaged forewing",50,"N",109062.65091608,763438.556412562,"1_SolAlt"
"242","SolAlt","GH","VH11","VH",NA,"M","B",1,"Black",NA,5,244,254,10,0.5032,0.6462,"N","",46,"Y",109062.65091608,545313.254580401,"1_SolAlt"
"243","SolAlt","GH","VH26","VH",NA,"F","B",1,"Black",NA,6,243,243,0,0.5591,0.5591,"N","",49,"N",109062.65091608,654375.905496482,"1_SolAlt"
"244","SolAlt","GH","VH26","VH",NA,"F","B",1,"Black",NA,6,243,248,5,0.4189,0.5591,"N","",49,"N",109062.65091608,654375.905496482,"1_SolAlt"
"245","SolAlt","GH","VH26","VH",NA,"F","B",1,"Black",NA,6,243,250,7,0.3512,0.5591,"N","",49,"N",109062.65091608,654375.905496482,"1_SolAlt"
"246","SolAlt","GH","VH26","VH",NA,"F","B",1,"Black",NA,6,243,244,1,0.4549,0.5591,"N","",49,"N",109062.65091608,654375.905496482,"1_SolAlt"
"247","SolAlt","GH","TWA28",NA,"TWA","M","A",1,"White",NA,12,235,240,5,0.4357,0.6449,"N","D0 Observed on flowers but did not observe feeding",48,"N",109062.65091608,1308751.81099296,"1_SolAlt"
"248","SolAlt","GH","VH18","VH",NA,"M","B",1,"Black",NA,6,241,241,0,0.534,0.534,"N","",46,"N",109062.65091608,654375.905496482,"1_SolAlt"
"249","SolAlt","GH","VH18","VH",NA,"M","B",1,"Black",NA,6,241,246,5,0.3805,0.534,"N","",46,"N",109062.65091608,654375.905496482,"1_SolAlt"
"250","SolAlt","GH","VH18","VH",NA,"M","B",1,"Black",NA,6,241,248,7,0.3255,0.534,"N","",46,"N",109062.65091608,654375.905496482,"1_SolAlt"
"251","SolAlt","GH","VH3","VH",NA,"F","B",1,"White",NA,10,242,242,0,0.4738,0.4738,"N","",46,"N",109062.65091608,1090626.5091608,"1_SolAlt"
"252","SolAlt","GH","VH3","VH",NA,"F","B",1,"White",NA,10,242,243,1,0.4173,0.4738,"N","",46,"N",109062.65091608,1090626.5091608,"1_SolAlt"
"253","SolAlt","GH","VH3","VH",NA,"F","B",1,"White",NA,10,242,247,5,0.4151,0.4738,"N","",46,"N",109062.65091608,1090626.5091608,"1_SolAlt"
"254","SolAlt","GH","VH3","VH",NA,"F","B",1,"White",NA,10,242,249,7,0.3561,0.4738,"N","",46,"N",109062.65091608,1090626.5091608,"1_SolAlt"
"255","SolAlt","GH","TWA38",NA,"TWA","M","A",1,"Black",NA,26,235,240,5,0.3796,0.5391,"Y","Feeding D2, D5, D7; D5 and D7 panicked weighing, cooled in fridge for weighing; Method used to count flowers was not whole heads, counted branched heads as distinct ones",48,"N",109062.65091608,2835628.92381809,"1_SolAlt"
"256","SolAlt","GH","TWA38",NA,"TWA","M","A",1,"Black",NA,26,235,242,7,0.352,0.5391,"Y","Feeding D2, D5, D7; D5 and D7 panicked weighing, cooled in fridge for weighing; Method used to count flowers was not whole heads, counted branched heads as distinct ones",48,"N",109062.65091608,2835628.92381809,"1_SolAlt"
"257","SolAlt","GH","PCD10",NA,"PCD","F","A",1,"Black",NA,12,234,234,0,0.4825,0.4825,"N","",44,"N",109062.65091608,1308751.81099296,"1_SolAlt"
"258","SolAlt","GH","PCD10",NA,"PCD","F","A",1,"Black",NA,12,234,239,5,0.3477,0.4825,"N","",44,"N",109062.65091608,1308751.81099296,"1_SolAlt"
"259","SolAlt","GH","PCD10",NA,"PCD","F","A",1,"Black",NA,12,234,241,7,0.317,0.4825,"N","",44,"N",109062.65091608,1308751.81099296,"1_SolAlt"
"260","SolAlt","GH","PCD90",NA,"PCD","M","A",1,"Black",NA,5,236,243,7,0.399,0.5878,"Y","D4+D5 feeding; Newest method of counting just single flowering heads",46,"N",109062.65091608,545313.254580401,"1_SolAlt"
"261","SolAlt","GH","PCD90",NA,"PCD","M","A",1,"Black",NA,5,236,236,0,0.5878,0.5878,"Y","D4+D5 feeding; Newest method of counting just single flowering heads",46,"N",109062.65091608,545313.254580401,"1_SolAlt"
"262","SolAlt","GH","VH11","VH",NA,"M","B",1,"Black",NA,5,244,244,0,0.6462,0.6462,"N","",46,"Y",109062.65091608,545313.254580401,"1_SolAlt"
"263","SolAlt","GH","VH6","VH",NA,"M","B",1,"Black",NA,3,240,241,1,0.5161,0.5941,"N","",50,"N",109062.65091608,327187.952748241,"1_SolAlt"
"264","SolAlt","GH","VH6","VH",NA,"M","B",1,"Black",NA,3,240,245,5,0.4358,0.5941,"N","",50,"N",109062.65091608,327187.952748241,"1_SolAlt"
"265","SolAlt","GH","VH6","VH",NA,"M","B",1,"Black",NA,3,240,247,7,0.4667,0.5941,"N","",50,"N",109062.65091608,327187.952748241,"1_SolAlt"
"266","SolAlt","GH","VH6","VH",NA,"M","B",1,"Black",NA,3,240,240,0,0.5941,0.5941,"N","",50,"N",109062.65091608,327187.952748241,"1_SolAlt"
"267","SolAlt","GH","VH22","VH",NA,"F","A",1,"Black",NA,6,237,242,5,0.4053,0.5724,"Y","Feeding D11",48,"N",109062.65091608,654375.905496482,"1_SolAlt"
"268","SolAlt","GH","VH22","VH",NA,"F","A",1,"Black",NA,6,237,244,7,0.358,0.5724,"Y","Feeding D11",48,"N",109062.65091608,654375.905496482,"1_SolAlt"
"269","SolAlt","GH","VH22","VH",NA,"F","A",1,"Black",NA,6,237,248,11,0.3465,0.5724,"Y","Feeding D11",48,"N",109062.65091608,654375.905496482,"1_SolAlt"
"270","SolAlt","GH","VH22","VH",NA,"F","A",1,"Black",NA,6,237,238,1,0.4692,0.5724,"Y","Feeding D11",48,"N",109062.65091608,654375.905496482,"1_SolAlt"
"271","SymEri","GH","Jacob10",NA,"Jacob","M","A",1,"Black",NA,605,238,239,1,0.472,0.5775,"N","",45,"N",219.078963698084,132542.773037341,"3_SymEri"
"272","SymEri","GH","Jacob10",NA,"Jacob","M","A",1,"Black",NA,605,238,243,5,0.4021,0.5775,"N","",45,"N",219.078963698084,132542.773037341,"3_SymEri"
"273","SymEri","GH","Jacob10",NA,"Jacob","M","A",1,"Black",NA,605,238,245,7,0.4095,0.5775,"N","",45,"N",219.078963698084,132542.773037341,"3_SymEri"
"274","SymEri","GH","Jacob10",NA,"Jacob","M","A",1,"Black",NA,605,238,248,10,0.3549,0.5775,"N","",45,"N",219.078963698084,132542.773037341,"3_SymEri"
"275","SymEri","GH","Jacob10",NA,"Jacob","M","A",1,"Black",NA,605,238,238,0,0.5775,0.5775,"N","",45,"N",219.078963698084,132542.773037341,"3_SymEri"
"276","SymEri","GH","PCD15",NA,"PCD","M","B",1,"Black",NA,128,241,241,0,0.516,0.516,"N","D0 fed when placed on flower",46,"N",219.078963698084,28042.1073533548,"3_SymEri"
"277","SymEri","GH","PCD71",NA,"PCD","F","A",1,"Black",NA,162,235,240,5,0.4257,0.6549,"Y","Feeding D6",51,"N",219.078963698084,35490.7921190896,"3_SymEri"
"278","SymEri","GH","Jacob2",NA,"Jacob","M","A",1,"White",NA,361,238,248,10,0.4071,0.6939,"Y","Feeding D3",44,"Y",219.078963698084,79087.5058950084,"3_SymEri"
"279","SymEri","GH","Jacob2",NA,"Jacob","M","A",1,"White",NA,361,238,238,0,0.6939,0.6939,"Y","Feeding D3",44,"Y",219.078963698084,79087.5058950084,"3_SymEri"
"280","SymEri","GH","Jacob2",NA,"Jacob","M","A",1,"White",NA,361,238,239,1,0.5728,0.6939,"Y","Feeding D3",44,"Y",219.078963698084,79087.5058950084,"3_SymEri"
"281","SymEri","GH","Jacob2",NA,"Jacob","M","A",1,"White",NA,361,238,243,5,0.4781,0.6939,"Y","Feeding D3",44,"Y",219.078963698084,79087.5058950084,"3_SymEri"
"282","SymEri","GH","Jacob2",NA,"Jacob","M","A",1,"White",NA,361,238,245,7,0.4865,0.6939,"Y","Feeding D3",44,"Y",219.078963698084,79087.5058950084,"3_SymEri"
"283","SymEri","GH","MVD61",NA,"MVD","M","A",1,"Black",NA,221,237,237,0,0.5563,0.5563,"Y","Feeding D3 + D4",49,"N",219.078963698084,48416.4509772766,"3_SymEri"
"284","SymEri","GH","MVD61",NA,"MVD","M","A",1,"Black",NA,221,237,242,5,0.4074,0.5563,"Y","Feeding D3 + D4",49,"N",219.078963698084,48416.4509772766,"3_SymEri"
"285","SymEri","GH","MVD17",NA,"MVD","M","A",1,"Black",NA,440,236,236,0,0.6631,0.6631,"Y","Feeding d5",52,"N",219.078963698084,96394.7440271571,"3_SymEri"
"286","SymEri","GH","MVD17",NA,"MVD","M","A",1,"Black",NA,440,236,238,2,0.5425,0.6631,"Y","",52,"N",219.078963698084,96394.7440271571,"3_SymEri"
"287","SymEri","GH","MVD17",NA,"MVD","M","A",1,"Black",NA,440,236,241,5,0.4689,0.6631,"Y","",52,"N",219.078963698084,96394.7440271571,"3_SymEri"
"288","SymEri","GH","MVD17",NA,"MVD","M","A",1,"Black",NA,440,236,243,7,0.412,0.6631,"Y","Feeding D3 + D4",52,"N",219.078963698084,96394.7440271571,"3_SymEri"
"289","SymEri","GH","PCD20",NA,"PCD","F","A",1,"Black",NA,148,232,232,0,0.5,0.5,"N","",47,"N",219.078963698084,32423.6866273165,"3_SymEri"
"290","SymEri","GH","PCD15",NA,"PCD","M","B",1,"Black",NA,128,241,242,1,0.4355,0.516,"N","D0 fed when placed on flower",46,"N",219.078963698084,28042.1073533548,"3_SymEri"
"291","SymEri","GH","PCD15",NA,"PCD","M","B",1,"Black",NA,128,241,246,5,0.3847,0.516,"N","D0 fed when placed on flower",46,"N",219.078963698084,28042.1073533548,"3_SymEri"
"292","SymEri","GH","PCD15",NA,"PCD","M","B",1,"Black",NA,128,241,248,7,0.3626,0.516,"N","D0 fed when placed on flower",46,"N",219.078963698084,28042.1073533548,"3_SymEri"
"293","SymEri","GH","Jacob4",NA,"Jacob","M","A",1,"White",NA,386,238,243,5,0.5051,0.6572,"Y","Feeding D7",48,"Y",219.078963698084,84564.4799874605,"3_SymEri"
"294","SymEri","GH","PCD20",NA,"PCD","F","A",1,"Black",NA,148,232,237,5,0.3922,0.5,"N","",47,"N",219.078963698084,32423.6866273165,"3_SymEri"
"295","SymEri","GH","PCD20",NA,"PCD","F","A",1,"Black",NA,148,232,239,7,0.3812,0.5,"N","",47,"N",219.078963698084,32423.6866273165,"3_SymEri"
"296","SymEri","GH","Jacob4",NA,"Jacob","M","A",1,"White",NA,386,238,238,0,0.6572,0.6572,"Y","Feeding D7",48,"Y",219.078963698084,84564.4799874605,"3_SymEri"
"297","SymEri","GH","TWA44",NA,"TWA","M","A",1,"Black",NA,249,235,242,7,0.3383,0.4913,"Y","Feeding days 2, 3, 5, 6, 7",44,"N",219.078963698084,54550.661960823,"3_SymEri"
"298","SymEri","GH","Jacob4",NA,"Jacob","M","A",1,"White",NA,386,238,245,7,0.5798,0.6572,"Y","Feeding D7",48,"Y",219.078963698084,84564.4799874605,"3_SymEri"
"299","SymEri","GH","Jacob4",NA,"Jacob","M","A",1,"White",NA,386,238,248,10,0.4498,0.6572,"Y","Feeding D7",48,"Y",219.078963698084,84564.4799874605,"3_SymEri"
"300","SymEri","GH","Jacob4",NA,"Jacob","M","A",1,"White",NA,386,238,239,1,0.5483,0.6572,"Y","Feeding D7",48,"Y",219.078963698084,84564.4799874605,"3_SymEri"
"301","SymEri","GH","PCD71",NA,"PCD","F","A",1,"Black",NA,162,235,242,7,0.4984,0.6549,"Y","Feeding D6",51,"N",219.078963698084,35490.7921190896,"3_SymEri"
"302","SymEri","GH","PCD71",NA,"PCD","F","A",1,"Black",NA,162,235,235,0,0.6549,0.6549,"Y","Feeding D6",51,"N",219.078963698084,35490.7921190896,"3_SymEri"
"303","SymEri","GH","S473","S47",NA,"F","B",1,"Black",NA,317,243,243,0,0.6218,0.6218,"N","Stressed when weighing on D5, cooled to weigh",47,"N",219.078963698084,69448.0314922927,"3_SymEri"
"304","SymEri","GH","S473","S47",NA,"F","B",1,"Black",NA,317,243,248,5,0.4603,0.6218,"N","Stressed when weighing on D5, cooled to weigh",47,"N",219.078963698084,69448.0314922927,"3_SymEri"
"305","SymEri","GH","S473","S47",NA,"F","B",1,"Black",NA,317,243,244,1,0.4933,0.6218,"N","Stressed when weighing on D5, cooled to weigh",47,"N",219.078963698084,69448.0314922927,"3_SymEri"
"306","SymEri","GH","VH7","VH",NA,"M","B",1,"Black",NA,637,242,247,5,0.3566,0.5708,"N","Tattered/damaged wing D7",48,"N",219.078963698084,139553.29987568,"3_SymEri"
"307","SymEri","GH","TWA65",NA,"TWA","F","A",1,"Black",NA,282,234,234,0,0.678,0.678,"N","Fed when placed on flower, no natural feeding observed, D7 forewing tip broken",48,"N",219.078963698084,61780.2677628598,"3_SymEri"
"308","SymEri","GH","TWA65",NA,"TWA","F","A",1,"Black",NA,282,234,241,7,0.3375,0.678,"N","Fed when placed on flower, no natural feeding observed, D7 forewing tip broken",48,"N",219.078963698084,61780.2677628598,"3_SymEri"
"309","SymEri","GH","TWA65",NA,"TWA","F","A",1,"Black",NA,282,234,239,5,0.3712,0.678,"N","Fed when placed on flower, no natural feeding observed, D7 forewing tip broken",48,"N",219.078963698084,61780.2677628598,"3_SymEri"
"310","SymEri","GH","MVD61",NA,"MVD","M","A",1,"Black",NA,221,237,238,1,0.4752,0.5563,"Y","Feeding D3 + D4",49,"N",219.078963698084,48416.4509772766,"3_SymEri"
"311","SymEri","GH","PCD53",NA,"PCD","F","B",1,"Black",NA,168,240,241,1,0.3889,0.4613,"N","Caterpillar had forked antenna",45,"N",219.078963698084,36805.2659012782,"3_SymEri"
"312","SymEri","GH","PCD53",NA,"PCD","F","B",1,"Black",NA,168,240,245,5,0.2909,0.4613,"N","Caterpillar had forked antenna",45,"N",219.078963698084,36805.2659012782,"3_SymEri"
"313","SymEri","GH","MVD61",NA,"MVD","M","A",1,"Black",NA,221,237,244,7,0.4105,0.5563,"Y","Feeding D3 + D4",49,"N",219.078963698084,48416.4509772766,"3_SymEri"
"314","SymEri","GH","S473","S47",NA,"F","B",1,"Black",NA,317,243,250,7,0.3498,0.6218,"N","Stressed when weighing on D5, cooled to weigh",47,"N",219.078963698084,69448.0314922927,"3_SymEri"
"315","SymEri","GH","TWA44",NA,"TWA","M","A",1,"Black",NA,249,235,240,5,0.327,0.4913,"Y","Feeding days 2, 3, 5, 6, 7",44,"N",219.078963698084,54550.661960823,"3_SymEri"
"316","SymEri","GH","VH7","VH",NA,"M","B",1,"Black",NA,637,242,243,1,0.5001,0.5708,"N","Tattered/damaged wing D7",48,"N",219.078963698084,139553.29987568,"3_SymEri"
"317","SymEri","GH","PCD53",NA,"PCD","F","B",1,"Black",NA,168,240,247,7,0.3312,0.4613,"N","Caterpillar had forked antenna",45,"N",219.078963698084,36805.2659012782,"3_SymEri"
"318","SymEri","GH","MVD61",NA,"MVD","M","A",1,"Black",NA,221,237,247,10,0.4311,0.5563,"Y","Feeding D3 + D4",49,"N",219.078963698084,48416.4509772766,"3_SymEri"
"319","SymEri","GH","TWA44",NA,"TWA","M","A",1,"Black",NA,249,235,235,0,0.4913,0.4913,"Y","Feeding days 2, 3, 5, 6, 7",44,"N",219.078963698084,54550.661960823,"3_SymEri"
"320","SymEri","GH","PCD53",NA,"PCD","F","B",1,"Black",NA,168,240,240,0,0.4613,0.4613,"N","Caterpillar had forked antenna",45,"N",219.078963698084,36805.2659012782,"3_SymEri"
"321","SymEri","GH","VH7","VH",NA,"M","B",1,"Black",NA,637,242,249,7,0.3708,0.5708,"N","Tattered/damaged wing D7",48,"N",219.078963698084,139553.29987568,"3_SymEri"
"322","SymEri","GH","VH7","VH",NA,"M","B",1,"Black",NA,637,242,242,0,0.5708,0.5708,"N","Tattered/damaged wing D7",48,"N",219.078963698084,139553.29987568,"3_SymEri"
